<costumes anm2root="gfx/characters/">
	<costume anm2path="n001_Puberty.anm2" id="1" type="none" />
	<costume anm2path="n002_I found pills.anm2" id="2" type="none" />
	<costume anm2path="263_lordoftheflies.anm2" id="3" isFlying="true" overwriteColor="true" skinColor="1" type="none" />
	<costume anm2path="210_gnawedleaf_statue.anm2" id="4" priority="50" type="none" />
	<costume anm2path="n005_Guppy.anm2" id="5" isFlying="true" overwriteColor="true" skinColor="1" type="none" />
	<costume anm2path="n006_RUAWizard.anm2" hasSkinAlt="true" id="6" type="none" />
	<costume anm2path="Character_002_MagdaleneHead.anm2" id="7" priority="99" type="none" />
	<costume anm2path="Character_003_cainsEyepatch.anm2" id="8" priority="99" type="none" />
	<costume anm2path="Character_004_JudasFez.anm2" id="9" priority="99" type="none" />
	<costume anm2path="Character_005_EveHead.anm2" id="10" priority="99" type="none" />
	<costume anm2path="Character_008_AzazelHead.anm2" id="11" isFlying="true" overwriteColor="true" priority="23" skinColor="1" type="none" />
	<costume anm2path="Character_009_EdenHair1.anm2" id="12" priority="99" type="none" />
	<costume anm2path="Character_007_SamsonHead.anm2" id="13" priority="99" type="none" />
	<costume anm2path="n014_Blindfold.anm2" id="14" priority="101" type="none" />
	<costume anm2path="n015_blank.anm2" hasSkinAlt="true" id="15" priority="100" type="none" />
	<costume anm2path="n016_Christmas.anm2" id="16" type="none" />
	
	<costume anm2path="n017_Purity Glow.anm2" id="17" priority="2" type="none" />
	<costume anm2path="n018_Empty Vessel.anm2" id="18" isFlying="true" overwriteColor="true" skinColor="1" type="none" />
	<costume anm2path="n019_MawMark.anm2" id="19" priority="2" type="none" />
	<costume anm2path="n020_Transformation Mushroom.anm2" id="20" priority="99" type="none" />
	<costume anm2path="n021_Transformation_Angel.anm2" id="21" isFlying="true" priority="99" type="none" />
	<costume anm2path="n022_Transformation_Bob.anm2" id="22" priority="99" type="none" />
	<costume anm2path="n023_Transformation_Drugs.anm2" id="23" priority="99" type="none" />
	<costume anm2path="n024_Transformation_Mom.anm2" id="24" priority="99" type="none" />
	<costume anm2path="n025_Transformation_Baby.anm2" id="25" priority="99" type="none" />
	<costume anm2path="n026_Transformation_EvilAngel.anm2" id="26" isFlying="true" priority="99" type="none" />
	<costume anm2path="n027_Transformation_Poop.anm2" id="27" priority="99" type="none" />
	<costume anm2path="n029_Overdose.anm2" id="29" priority="99" type="none" />
	<costume anm2path="n030_boomerang.anm2" hasSkinAlt="true" id="30" priority="200" type="none" />
	<costume anm2path="n031_megablast.anm2" id="31" priority="200" type="none" />
	<costume anm2path="Character_LazarusHair1.anm2" id="32" priority="200" type="none" />
	<costume anm2path="Character_LazarusHair2.anm2" id="33" priority="200" type="none" />
	<costume anm2path="Character_LilithHair.anm2" id="34" priority="200" type="none" />
	<costume anm2path="n028_Transformation_Iwata.anm2" id="35" priority="200" type="none" />

	<costume anm2path="001_The Sad Onion.anm2" id="1" type="passive">
	</costume>
	<costume anm2path="002_The Inner Eye.anm2" id="2" type="passive">
	</costume>
	<costume anm2path="003_Spoon Bender.anm2" id="3" type="passive">
	</costume>
	<costume anm2path="004_Maxs Head.anm2" hasSkinAlt="true" id="4" type="passive">
	</costume>
	<costume anm2path="005_My Reflection.anm2" id="5" type="passive">
	</costume>
	<costume anm2path="006_Number one.anm2" hasSkinAlt="true" id="6" type="passive">
	</costume>
	<costume anm2path="007_Blood of the Martyr.anm2" id="7" type="passive">
	</costume>
	<costume anm2path="009_Skatole.anm2" id="9" type="passive">
	</costume>
	<costume anm2path="013_The Virus.anm2" hasSkinAlt="true" id="13" type="passive">
	</costume>
	<costume anm2path="014_Roid Rage.anm2" hasSkinAlt="true" id="14" type="passive">
	</costume>
	<costume anm2path="015_3.anm2" id="15" type="passive">
	</costume>
	<costume anm2path="016_Raw Liver.anm2" id="16" type="passive">
	</costume>
	<costume anm2path="017_Skeleton Key.anm2" hasSkinAlt="true" id="17" type="passive">
	</costume>
	<costume anm2path="019_Boom.anm2" id="19" type="passive">
	</costume>
	<costume anm2path="020_Transcendence.anm2" id="20" isFlying="true" priority="100" type="passive">
	</costume>
	<costume anm2path="027_Wooden Spoon.anm2" hasSkinAlt="true" id="27" type="passive">
	</costume>
	<costume anm2path="028_The Belt.anm2" id="28" type="passive">
	</costume>
	<costume anm2path="029_Moms Underwear.anm2" id="29" type="passive">
	</costume>
	<costume anm2path="030_Moms Heels.anm2" id="30" type="passive">
	</costume>
	<costume anm2path="031_Moms Lipstick.anm2" hasSkinAlt="true" id="31" type="passive">
	</costume>
	<costume anm2path="032_Wire Coat hanger.anm2" id="32" type="passive">
	</costume>
	<costume anm2path="179_Fate.anm2" hasSkinAlt="true" id="33" isFlying="true" type="active">
	</costume>
	<costume anm2path="034_The Book of Belial.anm2" hasSkinAlt="true" id="34" type="active">
	</costume>
	<costume anm2path="039_Moms Bra.anm2" id="39" type="active">
	</costume>
	<costume anm2path="040_Kamikaze.anm2" id="40" type="passive">
	</costume>
	<costume anm2path="046_Lucky Foot.anm2" id="46" type="passive">
	</costume>
	<costume anm2path="048_Cupids arrow.anm2" id="48" type="passive">
	</costume>
	<costume anm2path="049_Shoop da Whoop.anm2" hasSkinAlt="true" id="49" priority="30" type="active">
	</costume>
	<costume anm2path="050_Steven.anm2" hasSkinAlt="true" id="50" type="passive">
	</costume>
	<costume anm2path="051_Pentagram.anm2" hasSkinAlt="true" id="51" type="passive">
	</costume>
	<costume anm2path="052_Dr Fetus.anm2" id="52" type="passive">
	</costume>
	<costume anm2path="053_Magneto.anm2" id="53" type="passive">
	</costume>
	<costume anm2path="055_Moms Eye.anm2" hasSkinAlt="true" id="55" type="passive">
	</costume>
	<costume anm2path="058_Book of Shadows.anm2" id="58" isFlying="true" priority="101" type="active">
	</costume>
	<costume anm2path="062_Charm of the Vampire.anm2" hasSkinAlt="true" id="62" type="passive">
	</costume>
	<costume anm2path="063_The Battery.anm2" id="63" type="passive">
	</costume>
	<costume anm2path="064_Steam Sale.anm2" id="64" type="passive">
	</costume>
	<costume anm2path="068_Technology.anm2" hasSkinAlt="true" id="68" type="passive">
	</costume>
	<costume anm2path="069_Chocolate Milk.anm2" hasSkinAlt="true" id="69" priority="203" type="passive">
	</costume>
	<costume anm2path="070_Growth Hormones.anm2" hasSkinAlt="true" id="70" type="passive">
	</costume>
	<costume anm2path="072_Rosary.anm2" id="72" type="passive">
	</costume>
	<costume anm2path="075_PHD.anm2" id="75" type="passive">
	</costume>
	<costume anm2path="076_Xray-Vision.anm2" id="76" type="passive">
	</costume>
	<costume anm2path="077_My little Unicorn.anm2" id="77" type="active">
	</costume>
	<costume anm2path="079_The Mark.anm2" id="79" type="passive">
	</costume>
	<costume anm2path="080_The Pact.anm2" id="80" overwriteColor="true" skinColor="1" type="passive">
	</costume>
	<costume anm2path="082_Lord of the Pit.anm2" id="82" isFlying="true" overwriteColor="true" skinColor="1" type="passive">
	</costume>
	<costume anm2path="083_The Nail.anm2" id="83" overwriteColor="true" skinColor="1" type="passive">
	</costume>
	<costume anm2path="086_MonstrosTooth.anm2" id="86" overwriteColor="true" skinColor="1" type="active">
	</costume>
	<costume anm2path="087_Lokis Horns.anm2" id="87" type="passive">
	</costume>
	<costume anm2path="089_Spider Bite.anm2" hasSkinAlt="true" id="89" type="passive">
	</costume>
	<costume anm2path="090_The Small Rock.anm2" id="90" type="passive">
	</costume>
	<costume anm2path="091_Spelunker Hat.anm2" id="91" type="passive">
	</costume>
	<costume anm2path="092_Super Bandage.anm2" id="92" type="passive">
	</costume>
	<costume anm2path="093_The Gamekid.anm2" hasSkinAlt="true" id="93" priority="100" type="active">
	</costume>
	<costume anm2path="101_The Halo.anm2" id="101" type="passive">
	</costume>
	<costume anm2path="103_The Common Cold.anm2" id="103" overwriteColor="true" skinColor="4" type="passive">
	</costume>
	<costume anm2path="104_The Parasite.anm2" id="104" type="passive">
	</costume>
	<costume anm2path="106_Mr Mega.anm2" hasSkinAlt="true" id="106" type="passive">
	</costume>
	<costume anm2path="108_The Wafer.anm2" id="108" type="passive">
	</costume>
	<costume anm2path="109_Money  Power.anm2" id="109" type="passive">
	</costume>
	<costume anm2path="110_Moms Contacts.anm2" id="110" type="passive">
	</costume>
	<costume anm2path="115_Ouija Board.anm2" id="115" overwriteColor="true" type="passive">
	</costume>
	<costume anm2path="116_9 Volt.anm2" id="116" type="passive">
	</costume>
	<costume anm2path="117_Dead Bird.anm2" id="117" type="passive">
	</costume>
	<costume anm2path="118_Brimstone.anm2" id="118" overwriteColor="true" priority="205" skinColor="1" type="passive">
	</costume>
	<costume anm2path="119_Blood Bag.anm2" id="119" type="passive">
	</costume>
	<costume anm2path="122_Whore of Babylon.anm2" id="122" overwriteColor="true" skinColor="1" type="passive">
	</costume>
	<costume anm2path="126_Razor Blade.anm2" id="126" overwriteColor="true" skinColor="3" type="active">
	</costume>
	<costume anm2path="129_Bucket of Lard.anm2" hasSkinAlt="true" id="129" type="active">
	</costume>
	<costume anm2path="130_Pony.anm2" hasSkinAlt="true" id="130" isFlying="true" priority="23" type="passive">
	</costume>
	<costume anm2path="132_A Lump of Coal.anm2" id="132" type="passive">
	</costume>
	<costume anm2path="134_Guppys Tail.anm2" id="134" type="passive">
	</costume>
	<costume anm2path="138_Stigmata.anm2" id="138" type="passive">
	</costume>
	<costume anm2path="139_Moms Purse.anm2" id="139" type="passive">
	</costume>
	<costume anm2path="140_Bobs Curse.anm2" id="140" overwriteColor="true" skinColor="4" type="passive">
	</costume>
	<costume anm2path="141_Pageant Boy.anm2" id="141" type="passive">
	</costume>
	<costume anm2path="142_Scapular.anm2" id="142" type="passive">
	</costume>
	<costume anm2path="143_Speed Ball.anm2" hasSkinAlt="true" id="143" type="passive">
	</costume>
	<costume anm2path="148_Infestation.anm2" id="148" overwriteColor="true" skinColor="4" type="passive">
	</costume>
	<costume anm2path="149_Ipecac.anm2" id="149" overwriteColor="true" skinColor="4" type="passive">
	</costume>
	<costume anm2path="150_Tough love.anm2" hasSkinAlt="true" id="150" type="passive">
	</costume>
	<costume anm2path="151_The Mulligan.anm2" hasSkinAlt="true" id="151" type="passive">
	</costume>
	<costume anm2path="152_Technology 2.anm2" id="152" type="passive">
	</costume>
	<costume anm2path="153_Mutant Spider.anm2" id="153" type="passive">
	</costume>
	<costume anm2path="154_Chemical peel.anm2" hasSkinAlt="true" id="154" type="passive">
	</costume>
	<costume anm2path="155_The Peeper.anm2" id="155" type="familiar">
	</costume>
	<costume anm2path="156_Habit.anm2" id="156" type="passive">
	</costume>
	<costume anm2path="157_Blood Lust.anm2" id="157" type="passive">
	</costume>
	<costume anm2path="159_Spirit of the night.anm2" id="159" isFlying="true" overwriteColor="true" skinColor="1" type="passive">
	</costume>
	<costume anm2path="161_Ankh.anm2" id="161" type="passive">
	</costume>
	<costume anm2path="162_Celtic cross.anm2" id="162" type="passive">
	</costume>
	<costume anm2path="165_Cat-o-nine-tails.anm2" id="165" type="passive">
	</costume>
	<costume anm2path="168_Epic Fetus.anm2" id="168" type="passive">
	</costume>
	<costume anm2path="169_Polyphemus.anm2" hasSkinAlt="true" id="169" type="passive">
	</costume>
	<costume anm2path="173_Mitre.anm2" id="173" type="passive">
	</costume>
	<costume anm2path="176_Stem cells.anm2" id="176" type="passive">
	</costume>
	<costume anm2path="179_Fate.anm2" id="179" isFlying="true" type="passive">
	</costume>
	<costume anm2path="181_White Pony.anm2" hasSkinAlt="true" id="181" isFlying="true" priority="23" type="passive">
	</costume>
	<costume anm2path="182_Sacred Heart.anm2" id="182" type="passive">
	</costume>
	<costume anm2path="183_Tooth Picks.anm2" id="183" type="passive">
	</costume>
	<costume anm2path="184_Holy Grail.anm2" id="184" isFlying="true" type="passive">
	</costume>
	<costume anm2path="185_Dead Dove.anm2" id="185" isFlying="true" overwriteColor="true" skinColor="0" type="passive">
	</costume>
	<costume anm2path="189_SMB Super Fan.anm2" id="189" overwriteColor="true" skinColor="3" type="passive">
	</costume>
	<costume anm2path="107_pyro.anm2" hasOverlay="true" id="190" type="passive">
	</costume>
	<costume anm2path="191_3 Dollar bill.anm2" hasSkinAlt="true" id="191" type="passive">
	</costume>
	<costume anm2path="192_Telepathy for Dummies.anm2" id="192" type="active">
	</costume>
	<costume anm2path="193_MEAT.anm2" hasSkinAlt="true" id="193" type="passive">
	</costume>
	<costume anm2path="194_Magic 8 ball.anm2" id="194" type="passive">
	</costume>
	<costume anm2path="195_Moms Coin Purse.anm2" id="195" type="passive">
	</costume>
	<costume anm2path="196_Squeezy.anm2" id="196" type="passive">
	</costume>
	<costume anm2path="197_Jesus Juice.anm2" id="197" type="passive">
	</costume>
	<costume anm2path="198_box.anm2" id="198" type="passive">
	</costume>
	
	<costume anm2path="199_Moms Key.anm2" id="199" type="passive" />
	<costume anm2path="200_momseyeshadow.anm2" id="200" type="passive" />
	<costume anm2path="201_ironbar.anm2" id="201" type="passive" />
	<costume anm2path="202_midastouch.anm2" id="202" overwriteColor="true" type="passive" />
	<costume anm2path="203_humblingbundle.anm2" hasSkinAlt="true" id="203" type="passive" />
	<costume anm2path="204_fannypack.anm2" id="204" type="passive" />
	<costume anm2path="205_sharpplug.anm2" id="205" type="passive" />
	<costume anm2path="208_championbelt.anm2" id="208" type="passive" />
	<costume anm2path="209_buttbombs.anm2" id="209" type="passive" />
	<costume anm2path="210_gnawedleaf.anm2" id="210" priority="1" type="passive" />
	<costume anm2path="211_spiderbaby.anm2" id="211" type="passive" />
	<costume anm2path="212_guppyscollar.anm2" id="212" type="passive" />
	<costume anm2path="213_lostcontact.anm2" id="213" type="passive" />
	<costume anm2path="214_anemic.anm2" id="214" type="passive" />
	<costume anm2path="215_goathead.anm2" id="215" type="passive" />
	<costume anm2path="216_ceremonialrobes.anm2" id="216" type="passive" />
	<costume anm2path="217_momswig.anm2" id="217" type="passive" />
	<costume anm2path="218_placenta.anm2" id="218" type="passive" />
	<costume anm2path="219_oldbandage.anm2" id="219" type="passive" />
	<costume anm2path="221_rubbercement.anm2" id="221" type="passive" />
	<costume anm2path="222_antigravity.anm2" id="222" overwriteColor="true" skinColor="2" type="passive" />
	<costume anm2path="223_pyromaniac.anm2" id="223" type="passive" />
	<costume anm2path="224_crickets body.anm2" id="224" type="passive" />
	<costume anm2path="225_gimpy.anm2" id="225" type="passive" />
	<costume anm2path="226_blacklotus.anm2" id="226" type="passive" />
	<costume anm2path="227_piggybank.anm2" id="227" type="passive" />
	<costume anm2path="228_moms perfume.anm2" id="228" type="passive" />
	<costume anm2path="229_monstros lung.anm2" hasSkinAlt="true" id="229" priority="204" type="passive" />
	<costume anm2path="230_abaddon.anm2" id="230" overwriteColor="true" skinColor="1" type="passive" />
	<costume anm2path="231_balloftar.anm2" id="231" overwriteColor="true" skinColor="1" type="passive" />
	<costume anm2path="232_stopwatch.anm2" id="232" type="passive" />
	<costume anm2path="233_tiny planet.anm2" id="233" type="passive" />
	<costume anm2path="234_infestation2.anm2" id="234" type="passive" />
	
	<costume anm2path="236_ecoli.anm2" id="236" type="passive" />
	<costume anm2path="237_deathstouch.anm2" id="237" type="passive" />
	<costume anm2path="240_experimentaltreatment.anm2" hasSkinAlt="true" id="240" type="passive" />
	<costume anm2path="241_contractfrombelow.anm2" id="241" type="passive" />
	<costume anm2path="242_infamy.anm2" id="242" type="passive" />
	<costume anm2path="244_tech05.anm2" id="244" type="passive" />
	<costume anm2path="245_2020.anm2" id="245" type="passive" />
	<costume anm2path="247_bffs.anm2" id="247" type="passive" />
	<costume anm2path="248_hive mind.anm2" id="248" type="passive" />
	<costume anm2path="249_theresoptions.anm2" id="249" type="passive" />
	<costume anm2path="250_bogobombs.anm2" id="250" type="passive" />
	<costume anm2path="251_starterdeck.anm2" id="251" type="passive" />
	<costume anm2path="252_littlebaggy.anm2" id="252" type="passive" />
	<costume anm2path="253_magicscab.anm2" id="253" type="passive" />
	<costume anm2path="254_bloodclot.anm2" id="254" type="passive" />
	<costume anm2path="255_screw.anm2" id="255" type="passive" />
	<costume anm2path="256_hotbombs.anm2" id="256" type="passive" />
	<costume anm2path="257_firemind.anm2" id="257" type="passive" />
	<costume anm2path="258_missingno.anm2" id="258" type="passive" />
	<costume anm2path="259_darkmatter.anm2" id="259" type="passive" />
	<costume anm2path="260_blackcandle.anm2" id="260" type="passive" />
	<costume anm2path="261_proptosis.anm2" id="261" type="passive" />
	<costume anm2path="262_missingpage2.anm2" id="262" type="passive" />
	<costume anm2path="267_robobaby20.anm2" id="267" type="familiar" />
	<costume anm2path="299_taurus.anm2" hasSkinAlt="true" id="299" type="passive" />
	<costume anm2path="300_aries.anm2" id="300" type="passive" />
	<costume anm2path="301_cancer.anm2" id="301" type="passive" />
	<costume anm2path="302_leo.anm2" id="302" type="passive" />
	<costume anm2path="303_virgo.anm2" id="303" type="passive" />
	<costume anm2path="304_libra.anm2" hasSkinAlt="true" id="304" type="passive" />
	<costume anm2path="305_scorpio.anm2" hasSkinAlt="true" id="305" type="passive" />
	<costume anm2path="306_sagittarius.anm2" id="306" type="passive" />
	<costume anm2path="307_capricorn.anm2" id="307" type="passive" />
	<costume anm2path="308_aquarius.anm2" id="308" type="passive" />
	<costume anm2path="309_pisces.anm2" hasSkinAlt="true" id="309" type="passive" />
	<costume anm2path="310_evesmascara.anm2" id="310" type="passive" />
	
	<costume anm2path="312_maggysbow.anm2" id="312" type="passive" />
	<costume anm2path="313_holymantle.anm2" id="313" type="passive" />
	<costume anm2path="314_thunderthighs.anm2" hasSkinAlt="true" id="314" type="passive" />
	<costume anm2path="315_strangeattractor.anm2" id="315" type="passive" />
	<costume anm2path="316_cursedeye.anm2" id="316" priority="202" type="passive" />
	<costume anm2path="317_mysteriousliquid.anm2" id="317" type="passive" />
	
	<costume anm2path="327_thepolaroid.anm2" id="327" type="passive" />
	<costume anm2path="328_thenegative.anm2" id="328" type="passive" />
	<costume anm2path="329_TheLudovicoTreatment.anm2" id="329" type="passive" />
	<costume anm2path="330_soymilk.anm2" id="330" type="passive" />
	<costume anm2path="331_godhead.anm2" id="331" type="passive" />
	<costume anm2path="332_Lazarus Rags.anm2" id="332" type="passive" />
	<costume anm2path="333_Mind.anm2" hasSkinAlt="true" id="333" type="passive" />
	<costume anm2path="334_Body.anm2" id="334" type="passive" />
	<costume anm2path="335_Soul.anm2" id="335" type="passive" />
	<costume anm2path="336_deadonion.anm2" id="336" type="passive" />
	<costume anm2path="337_Broken Stopwatch.anm2" id="337" type="passive" />
	<costume anm2path="339_safety pin.anm2" id="339" type="passive" />
	<costume anm2path="340_caffeine pill.anm2" hasSkinAlt="true" id="340" type="passive" />
	<costume anm2path="341_torn photo.anm2" hasOverlay="true" hasSkinAlt="true" id="341" type="passive" />
	<costume anm2path="342_blue cap.anm2" hasOverlay="true" hasSkinAlt="true" id="342" type="passive" />
	<costume anm2path="343_LatchKey.anm2" id="343" type="passive" />
	<costume anm2path="344_matchbook.anm2" id="344" type="passive" />
	<costume anm2path="345_Synthoil.anm2" id="345" type="passive" />
	
	<costume anm2path="350_ToxicShock.anm2" id="350" type="passive" />
	<costume anm2path="353_bomberboy.anm2" id="353" type="passive" />
	<costume anm2path="354_crackerjacks.anm2" id="354" type="passive" />	
	<costume anm2path="355_momspearls.anm2" id="355" type="passive" />	
	<costume anm2path="356_carbattery.anm2" hasSkinAlt="true" id="356" type="passive" />
	<costume anm2path="358_TheWiz.anm2" hasSkinAlt="true" id="358" type="passive" />
	<costume anm2path="359_8InchNail.anm2" id="359" type="passive" />
	<costume anm2path="366_scatterbombs.anm2" id="366" type="passive" />
	<costume anm2path="367_stickybombs.anm2" id="367" type="passive" />
	<costume anm2path="368_Epiphora.anm2" id="368" type="passive" />
	<costume anm2path="369_continuum.anm2" hasSkinAlt="true" id="369" type="passive" />
	<costume anm2path="370_MrDolly.anm2" id="370" type="passive" />
	<costume anm2path="371_CurseOfTheTower.anm2" id="371" type="passive" />
	<costume anm2path="373_Deadeye.anm2" id="373" type="passive" />
	<costume anm2path="374_Holylight.anm2" id="374" type="passive" />
	<costume anm2path="375_HostHat.anm2" id="375" type="passive" />	
	<costume anm2path="377_burstingsack.anm2" id="377" type="passive" />	
	<costume anm2path="378_No2.anm2" id="378" type="passive" />
	<costume anm2path="379_pupuladuplex.anm2" id="379" type="passive" />
	<costume anm2path="380_PayToPlay.anm2" id="380" type="passive" />
	<costume anm2path="381_EdensBlessing.anm2" id="381" type="passive" />
	<costume anm2path="391_betrayal.anm2" id="391" type="passive" />
	<costume anm2path="392_Zodiac.anm2" id="392" type="passive" />
	<costume anm2path="393_SerpentsKiss.anm2" id="393" type="passive" />
	<costume anm2path="394_Marked.anm2" id="394" type="passive" />
	<costume anm2path="395_techx.anm2" id="395" type="passive" />
	<costume anm2path="397_TractorBeam.anm2" id="397" type="passive" />
	<costume anm2path="398_GodsFlesh.anm2" hasSkinAlt="true" id="398" type="passive" />
	<costume anm2path="399_MawOfTheVoid.anm2" id="399" overwriteColor="true" priority="201" skinColor="1" type="passive" />
	<costume anm2path="402_Chaos.anm2" hasSkinAlt="true" id="402" type="passive" />
	<costume anm2path="407_Purity.anm2" id="407" type="passive" />
	<costume anm2path="408_Athame.anm2" id="408" type="passive" />
	<costume anm2path="409_EmptyVessel.anm2" id="409" type="passive" />
	<costume anm2path="410_EvilEye.anm2" id="410" type="passive" />	
	<costume anm2path="411_lustyblood.anm2" id="411" type="passive" />	
	<costume anm2path="412_cambionconception.anm2" id="412" overwriteColor="true" skinColor="1" type="passive" />	
	<costume anm2path="413_immaculateconception.anm2" id="413" type="passive" />	
	<costume anm2path="414_moreoptions.anm2" id="414" type="passive" />	
	
	<costume anm2path="418_FruitCake.anm2" hasSkinAlt="true" id="418" type="passive" />
	<costume anm2path="420_BlackPowder.anm2" id="420" type="passive" />
	<costume anm2path="424_SackHead.anm2" id="424" type="passive" />
	<costume anm2path="425_NightLight.anm2" id="425" type="passive" />
	<costume anm2path="428_PJs.anm2" id="428" type="passive" />
	<costume anm2path="429_HeadOfTheKeeper.anm2" id="429" type="passive" />
	<costume anm2path="432_glitterbombs.anm2" hasOverlay="true" id="432" type="passive" />
	<costume anm2path="433_MyShadow.anm2" id="433" type="passive" />
	<costume anm2path="438_Binky.anm2" id="438" type="passive" />
	
	<costume anm2path="t53_Tick.anm2" id="53" type="trinket" />
</costumes>