<cutscenes root="gfx/cutscenes/">
	<cutscene id="1" name="Intro" fadeout="true" fadecolor="white">
	</cutscene>
	<cutscene id="2" name="Credits">
	</cutscene>
	<cutscene id="3" name="Epilogue">
	</cutscene>
	<cutscene id="4" name="Womb (Eden)">
	</cutscene>
	<cutscene id="5" name="Womb (Rubber Cement)">
	</cutscene>
	<cutscene id="6" name="Womb (Noose)">
	</cutscene>
	<cutscene id="7" name="Womb (Wire Coat Hanger)">
	</cutscene>
	<cutscene id="8" name="Womb (Everything is Terrible)">
	</cutscene>
	<cutscene id="9" name="Womb (Ipecac)">
	</cutscene>
	<cutscene id="10" name="Womb (Experimental Treatment)">
	</cutscene>
	<cutscene id="11" name="Womb (A Quarter)">
	</cutscene>
	<cutscene id="12" name="Womb (Dr. Fetus)">
	</cutscene>
	<cutscene id="13" name="Womb (???)">
	</cutscene>
	<cutscene id="14" name="Womb (It Lives!)">
	</cutscene>
	<cutscene id="15" name="Sheol">
	</cutscene>
	<cutscene id="16" name="Cathedral">
	</cutscene>
	<cutscene id="17" name="Chest">
	</cutscene>
	<cutscene id="18" name="Dark Room">
	</cutscene>
	<cutscene id="19" name="Mega Satan">
	</cutscene>
	<cutscene id="20" name="Blue Womb">
	</cutscene>
	<cutscene id="21" name="Greed Mode">
	</cutscene>
</cutscenes>
