<ItemPools>
	<Pool Name="treasure">
		
		<Item DecreaseBy="1" Id="1" RemoveOn="0.1" Weight="1" />
		
		<Item DecreaseBy="1" Id="2" RemoveOn="0.1" Weight="1" />
		
		<Item DecreaseBy="1" Id="3" RemoveOn="0.1" Weight="1" />
		
		<Item DecreaseBy="1" Id="4" RemoveOn="0.1" Weight="1" />
		
		<Item DecreaseBy="1" Id="5" RemoveOn="0.1" Weight="1" />
		
		<Item DecreaseBy="1" Id="6" RemoveOn="0.1" Weight="1" />
		
		<Item DecreaseBy="1" Id="7" RemoveOn="0.1" Weight="1" />
		
		<Item DecreaseBy="1" Id="8" RemoveOn="0.1" Weight="1" />
		
		<Item DecreaseBy="1" Id="10" RemoveOn="0.1" Weight="1" />
		
		<Item DecreaseBy="1" Id="12" RemoveOn="0.1" Weight="1" />
		
		<Item DecreaseBy="1" Id="15" RemoveOn="0.1" Weight="1" />
		
		<Item DecreaseBy="1" Id="19" RemoveOn="0.1" Weight="1" />
		
		<Item DecreaseBy="1" Id="36" RemoveOn="0.1" Weight="1" />
		
		<Item DecreaseBy="1" Id="37" RemoveOn="0.1" Weight="1" />
		
		<Item DecreaseBy="1" Id="39" RemoveOn="0.1" Weight="1" />
		
		<Item DecreaseBy="1" Id="40" RemoveOn="0.1" Weight="1" />
		
		<Item DecreaseBy="1" Id="41" RemoveOn="0.1" Weight="1" />
		
		<Item DecreaseBy="1" Id="42" RemoveOn="0.1" Weight="1" />
		
		<Item DecreaseBy="1" Id="44" RemoveOn="0.1" Weight="1" />
		
		<Item DecreaseBy="1" Id="45" RemoveOn="0.1" Weight="1" />
		
		<Item DecreaseBy="1" Id="46" RemoveOn="0.1" Weight="1" />
		
		<Item DecreaseBy="1" Id="47" RemoveOn="0.1" Weight="1" />
		
		<Item DecreaseBy="1" Id="48" RemoveOn="0.1" Weight="1" />
		
		<Item DecreaseBy="1" Id="49" RemoveOn="0.1" Weight="1" />
		
		<Item DecreaseBy="1" Id="52" RemoveOn="0.1" Weight="1" />
		
		<Item DecreaseBy="1" Id="53" RemoveOn="0.1" Weight="1" />
		
		<Item DecreaseBy="1" Id="55" RemoveOn="0.1" Weight="1" />
		
		<Item DecreaseBy="1" Id="56" RemoveOn="0.1" Weight="1" />
		
		<Item DecreaseBy="1" Id="57" RemoveOn="0.1" Weight="1" />
		
		<Item DecreaseBy="1" Id="58" RemoveOn="0.1" Weight="1" />
		
		<Item DecreaseBy="1" Id="62" RemoveOn="0.1" Weight="1" />
		
		<Item DecreaseBy="1" Id="65" RemoveOn="0.1" Weight="1" />
		
		<Item DecreaseBy="1" Id="66" RemoveOn="0.1" Weight="1" />
		
		<Item DecreaseBy="1" Id="67" RemoveOn="0.1" Weight="1" />
		
		<Item DecreaseBy="1" Id="68" RemoveOn="0.1" Weight="1" />
		
		<Item DecreaseBy="1" Id="69" RemoveOn="0.1" Weight="1" />
		
		<Item DecreaseBy="1" Id="71" RemoveOn="0.1" Weight="1" />
		
		<Item DecreaseBy="1" Id="72" RemoveOn="0.1" Weight="1" />
		
		<Item DecreaseBy="1" Id="74" RemoveOn="0.1" Weight="1" />
		
		<Item DecreaseBy="1" Id="75" RemoveOn="0.1" Weight="1" />
		
		<Item DecreaseBy="1" Id="76" RemoveOn="0.1" Weight="1" />
		
		<Item DecreaseBy="1" Id="77" RemoveOn="0.1" Weight="1" />
		
		<Item DecreaseBy="1" Id="78" RemoveOn="0.1" Weight="1" />
		
		<Item DecreaseBy="1" Id="85" RemoveOn="0.1" Weight="1" />
		
		<Item DecreaseBy="1" Id="86" RemoveOn="0.1" Weight="1" />
		
		<Item DecreaseBy="1" Id="87" RemoveOn="0.1" Weight="1" />
		
		<Item DecreaseBy="1" Id="88" RemoveOn="0.1" Weight="1" />
		
		<Item DecreaseBy="1" Id="89" RemoveOn="0.1" Weight="1" />
		
		<Item DecreaseBy="1" Id="91" RemoveOn="0.1" Weight="1" />
		
		<Item DecreaseBy="1" Id="92" RemoveOn="0.1" Weight="1" />
		
		<Item DecreaseBy="1" Id="93" RemoveOn="0.1" Weight="1" />
		
		<Item DecreaseBy="1" Id="94" RemoveOn="0.1" Weight="1" />
		
		<Item DecreaseBy="1" Id="95" RemoveOn="0.1" Weight="1" />
		
		<Item DecreaseBy="1" Id="96" RemoveOn="0.1" Weight="1" />
		
		<Item DecreaseBy="1" Id="97" RemoveOn="0.1" Weight="1" />
		
		<Item DecreaseBy="1" Id="98" RemoveOn="0.1" Weight="1" />
		
		<Item DecreaseBy="1" Id="99" RemoveOn="0.1" Weight="1" />
		
		<Item DecreaseBy="1" Id="100" RemoveOn="0.1" Weight="1" />
		
		<Item DecreaseBy="1" Id="101" RemoveOn="0.1" Weight="1" />
		
		<Item DecreaseBy="1" Id="102" RemoveOn="0.1" Weight="1" />
		
		<Item DecreaseBy="1" Id="103" RemoveOn="0.1" Weight="1" />
		
		<Item DecreaseBy="1" Id="104" RemoveOn="0.1" Weight="1" />
		
		<Item DecreaseBy="1" Id="105" RemoveOn="0.1" Weight="1" />
		
		<Item DecreaseBy="1" Id="106" RemoveOn="0.1" Weight="1" />
		
		<Item DecreaseBy="1" Id="107" RemoveOn="0.1" Weight="1" />
		
		<Item DecreaseBy="1" Id="108" RemoveOn="0.1" Weight="1" />
		
		<Item DecreaseBy="1" Id="109" RemoveOn="0.1" Weight="1" />
		
		<Item DecreaseBy="1" Id="110" RemoveOn="0.1" Weight="1" />
		
		<Item DecreaseBy="1" Id="111" RemoveOn="0.1" Weight="1" />
		
		<Item DecreaseBy="1" Id="113" RemoveOn="0.1" Weight="1" />
		
		<Item DecreaseBy="1" Id="114" RemoveOn="0.1" Weight="1" />
		
		<Item DecreaseBy="1" Id="115" RemoveOn="0.1" Weight="1" />
		
		<Item DecreaseBy="1" Id="117" RemoveOn="0.1" Weight="1" />
		
		<Item DecreaseBy="1" Id="120" RemoveOn="0.1" Weight="1" />
		
		<Item DecreaseBy="1" Id="121" RemoveOn="0.1" Weight="1" />
		
		<Item DecreaseBy="1" Id="123" RemoveOn="0.1" Weight="1" />
		
		<Item DecreaseBy="1" Id="124" RemoveOn="0.1" Weight="1" />
		
		<Item DecreaseBy="1" Id="125" RemoveOn="0.1" Weight="1" />
		
		<Item DecreaseBy="1" Id="127" RemoveOn="0.1" Weight="1" />
		
		<Item DecreaseBy="1" Id="128" RemoveOn="0.1" Weight="1" />
		
		<Item DecreaseBy="1" Id="129" RemoveOn="0.1" Weight="1" />
		
		<Item DecreaseBy="1" Id="131" RemoveOn="0.1" Weight="1" />
		
		<Item DecreaseBy="1" Id="136" RemoveOn="0.1" Weight="1" />
		
		<Item DecreaseBy="1" Id="137" RemoveOn="0.1" Weight="1" />
		
		<Item DecreaseBy="1" Id="138" RemoveOn="0.1" Weight="1" />
		
		<Item DecreaseBy="1" Id="140" RemoveOn="0.1" Weight="1" />
		
		<Item DecreaseBy="1" Id="142" RemoveOn="0.1" Weight="1" />
		
		<Item DecreaseBy="1" Id="143" RemoveOn="0.1" Weight="1" />
		
		<Item DecreaseBy="1" Id="14" RemoveOn="0.1" Weight="1" />
		
		<Item DecreaseBy="1" Id="13" RemoveOn="0.1" Weight="1" />
		
		<Item DecreaseBy="1" Id="144" RemoveOn="0.1" Weight="1" />
		
		<Item DecreaseBy="1" Id="146" RemoveOn="0.1" Weight="1" />
		
		<Item DecreaseBy="1" Id="147" RemoveOn="0.1" Weight="1" />
		
		<Item DecreaseBy="1" Id="148" RemoveOn="0.1" Weight="1" />
		
		<Item DecreaseBy="1" Id="149" RemoveOn="0.1" Weight="1" />
		
		<Item DecreaseBy="1" Id="150" RemoveOn="0.1" Weight="1" />
		
		<Item DecreaseBy="1" Id="151" RemoveOn="0.1" Weight="1" />
		
		<Item DecreaseBy="1" Id="152" RemoveOn="0.1" Weight="1" />
		
		<Item DecreaseBy="1" Id="153" RemoveOn="0.1" Weight="1" />
		
		<Item DecreaseBy="1" Id="154" RemoveOn="0.1" Weight="1" />
		
		<Item DecreaseBy="1" Id="155" RemoveOn="0.1" Weight="1" />
		
		<Item DecreaseBy="1" Id="157" RemoveOn="0.1" Weight="1" />
		
		<Item DecreaseBy="1" Id="158" RemoveOn="0.1" Weight="1" />
		
		<Item DecreaseBy="1" Id="160" RemoveOn="0.1" Weight="1" />
		
		<Item DecreaseBy="1" Id="161" RemoveOn="0.1" Weight="1" />
		
		<Item DecreaseBy="1" Id="162" RemoveOn="0.1" Weight="1" />
		
		<Item DecreaseBy="1" Id="163" RemoveOn="0.1" Weight="1" />
		
		<Item DecreaseBy="1" Id="166" RemoveOn="0.1" Weight="1" />
		
		<Item DecreaseBy="1" Id="167" RemoveOn="0.1" Weight="1" />
		
		<Item DecreaseBy="1" Id="168" RemoveOn="0.1" Weight="1" />
		
		<Item DecreaseBy="1" Id="169" RemoveOn="0.1" Weight="1" />
		
		<Item DecreaseBy="1" Id="170" RemoveOn="0.1" Weight="1" />
		
		<Item DecreaseBy="1" Id="171" RemoveOn="0.1" Weight="1" />
		
		<Item DecreaseBy="1" Id="172" RemoveOn="0.1" Weight="1" />
		
		<Item DecreaseBy="1" Id="173" RemoveOn="0.1" Weight="1" />
		
		<Item DecreaseBy="1" Id="174" RemoveOn="0.1" Weight="1" />
		
		<Item DecreaseBy="1" Id="175" RemoveOn="0.1" Weight="1" />
		
		<Item DecreaseBy="1" Id="176" RemoveOn="0.1" Weight="1" />
		
		<Item DecreaseBy="1" Id="178" RemoveOn="0.1" Weight="1" />
		
		<Item DecreaseBy="1" Id="180" RemoveOn="0.1" Weight="1" />
		
		<Item DecreaseBy="1" Id="186" RemoveOn="0.1" Weight="1" />
		
		<Item DecreaseBy="1" Id="188" RemoveOn="0.1" Weight="1" />
		
		<Item DecreaseBy="1" Id="189" RemoveOn="0.1" Weight="1" />
		
		<Item DecreaseBy="1" Id="190" RemoveOn="0.1" Weight="1" />
		
		<Item DecreaseBy="1" Id="191" RemoveOn="0.1" Weight="1" />
		
		<Item DecreaseBy="1" Id="192" RemoveOn="0.1" Weight="1" />
		
		<Item DecreaseBy="1" Id="200" RemoveOn="0.1" Weight="1" />
		
		<Item DecreaseBy="1" Id="201" RemoveOn="0.1" Weight="1" />
		
		<Item DecreaseBy="1" Id="202" RemoveOn="0.1" Weight="1" />
		
		<Item DecreaseBy="1" Id="206" RemoveOn="0.1" Weight="1" />
		
		<Item DecreaseBy="1" Id="209" RemoveOn="0.1" Weight="1" />
		
		<Item DecreaseBy="1" Id="210" RemoveOn="0.1" Weight="1" />
		
		<Item DecreaseBy="1" Id="211" RemoveOn="0.1" Weight="1" />
		
		<Item DecreaseBy="1" Id="213" RemoveOn="0.1" Weight="1" />
		
		<Item DecreaseBy="1" Id="214" RemoveOn="0.1" Weight="1" />
		
		<Item DecreaseBy="1" Id="217" RemoveOn="0.1" Weight="1" />
		
		<Item DecreaseBy="1" Id="220" RemoveOn="0.1" Weight="1" />
		
		<Item DecreaseBy="1" Id="221" RemoveOn="0.1" Weight="1" />
		
		<Item DecreaseBy="1" Id="222" RemoveOn="0.1" Weight="1" />
		
		<Item DecreaseBy="1" Id="223" RemoveOn="0.1" Weight="1" />
		
		<Item DecreaseBy="1" Id="224" RemoveOn="0.1" Weight="1" />
		
		<Item DecreaseBy="1" Id="225" RemoveOn="0.1" Weight="1" />
		
		<Item DecreaseBy="1" Id="227" RemoveOn="0.1" Weight="1" />
		
		<Item DecreaseBy="1" Id="228" RemoveOn="0.1" Weight="1" />
		
		<Item DecreaseBy="1" Id="229" RemoveOn="0.1" Weight="1" />
		
		<Item DecreaseBy="1" Id="231" RemoveOn="0.1" Weight="1" />
		
		<Item DecreaseBy="1" Id="233" RemoveOn="0.1" Weight="1" />
		
		<Item DecreaseBy="1" Id="234" RemoveOn="0.1" Weight="1" />
		
		<Item DecreaseBy="1" Id="236" RemoveOn="0.1" Weight="1" />
		
		<Item DecreaseBy="1" Id="237" RemoveOn="0.1" Weight="1" />
		
		<Item DecreaseBy="1" Id="240" RemoveOn="0.1" Weight="1" />
		
		<Item DecreaseBy="1" Id="242" RemoveOn="0.1" Weight="1" />
		
		<Item DecreaseBy="1" Id="244" RemoveOn="0.1" Weight="1" />
		
		<Item DecreaseBy="1" Id="245" RemoveOn="0.1" Weight="1" />
		
		<Item DecreaseBy="1" Id="256" RemoveOn="0.1" Weight="1" />
		
		<Item DecreaseBy="1" Id="257" RemoveOn="0.1" Weight="1" />
		
		<Item DecreaseBy="1" Id="261" RemoveOn="0.1" Weight="1" />
		
		<Item DecreaseBy="1" Id="264" RemoveOn="0.1" Weight="1" />
		
		<Item DecreaseBy="1" Id="265" RemoveOn="0.1" Weight="1" />
		
		<Item DecreaseBy="1" Id="266" RemoveOn="0.1" Weight="1" />
		
		<Item DecreaseBy="1" Id="267" RemoveOn="0.1" Weight="1" />
		
		<Item DecreaseBy="1" Id="268" RemoveOn="0.1" Weight="1" />
		
		<Item DecreaseBy="1" Id="269" RemoveOn="0.1" Weight="1" />
		
		<Item DecreaseBy="1" Id="270" RemoveOn="0.1" Weight="1" />
		
		<Item DecreaseBy="1" Id="271" RemoveOn="0.1" Weight="1" />
		
		<Item DecreaseBy="1" Id="272" RemoveOn="0.1" Weight="1" />
		
		<Item DecreaseBy="1" Id="273" RemoveOn="0.1" Weight="1" />
		
		<Item DecreaseBy="1" Id="274" RemoveOn="0.1" Weight="1" />
		
		<Item DecreaseBy="1" Id="275" RemoveOn="0.1" Weight="1" />
		
		<Item DecreaseBy="1" Id="276" RemoveOn="0.1" Weight="1" />
		
		<Item DecreaseBy="1" Id="277" RemoveOn="0.1" Weight="1" />
		
		<Item DecreaseBy="1" Id="278" RemoveOn="0.1" Weight="1" />
		
		<Item DecreaseBy="1" Id="279" RemoveOn="0.1" Weight="1" />
		
		<Item DecreaseBy="1" Id="280" RemoveOn="0.1" Weight="1" />
		
		<Item DecreaseBy="1" Id="281" RemoveOn="0.1" Weight="1" />
		
		<Item DecreaseBy="1" Id="282" RemoveOn="0.1" Weight="1" />
		
		<Item DecreaseBy="1" Id="283" RemoveOn="0.1" Weight="1" />
		
		<Item DecreaseBy="1" Id="284" RemoveOn="0.1" Weight="1" />
		
		<Item DecreaseBy="1" Id="285" RemoveOn="0.1" Weight="1" />
		
		<Item DecreaseBy="1" Id="286" RemoveOn="0.1" Weight="1" />
		
		<Item DecreaseBy="1" Id="287" RemoveOn="0.1" Weight="1" />
		
		<Item DecreaseBy="1" Id="288" RemoveOn="0.1" Weight="1" />
		
		<Item DecreaseBy="1" Id="291" RemoveOn="0.1" Weight="1" />
		
		<Item DecreaseBy="1" Id="292" RemoveOn="0.1" Weight="1" />
		
		<Item DecreaseBy="1" Id="294" RemoveOn="0.1" Weight="1" />
		
		<Item DecreaseBy="1" Id="295" RemoveOn="0.1" Weight="1" />
		
		<Item DecreaseBy="1" Id="298" RemoveOn="0.1" Weight="1" />
		
		<Item DecreaseBy="1" Id="299" RemoveOn="0.1" Weight="1" />
		
		<Item DecreaseBy="1" Id="300" RemoveOn="0.1" Weight="1" />
		
		<Item DecreaseBy="1" Id="301" RemoveOn="0.1" Weight="1" />
		
		<Item DecreaseBy="1" Id="302" RemoveOn="0.1" Weight="1" />
		
		<Item DecreaseBy="1" Id="303" RemoveOn="0.1" Weight="1" />
		
		<Item DecreaseBy="1" Id="304" RemoveOn="0.1" Weight="1" />
		
		<Item DecreaseBy="1" Id="305" RemoveOn="0.1" Weight="1" />
		
		<Item DecreaseBy="1" Id="306" RemoveOn="0.1" Weight="1" />
		
		<Item DecreaseBy="1" Id="307" RemoveOn="0.1" Weight="1" />
		
		<Item DecreaseBy="1" Id="308" RemoveOn="0.1" Weight="1" />
		
		<Item DecreaseBy="1" Id="309" RemoveOn="0.1" Weight="1" />
		
		<Item DecreaseBy="1" Id="310" RemoveOn="0.1" Weight="1" />
		
		<Item DecreaseBy="1" Id="311" RemoveOn="0.1" Weight="1" />
		
		<Item DecreaseBy="1" Id="312" RemoveOn="0.1" Weight="1" />
		
		<Item DecreaseBy="1" Id="313" RemoveOn="0.1" Weight="1" />
		
		<Item DecreaseBy="1" Id="314" RemoveOn="0.1" Weight="1" />
		
		<Item DecreaseBy="1" Id="315" RemoveOn="0.1" Weight="1" />
		
		<Item DecreaseBy="1" Id="316" RemoveOn="0.1" Weight="1" />
		
		<Item DecreaseBy="1" Id="317" RemoveOn="0.1" Weight="1" />
		
		<Item DecreaseBy="1" Id="318" RemoveOn="0.1" Weight="1" />
		
		<Item DecreaseBy="1" Id="319" RemoveOn="0.1" Weight="1" />
		
		<Item DecreaseBy="1" Id="320" RemoveOn="0.1" Weight="1" />
		
		<Item DecreaseBy="1" Id="321" RemoveOn="0.1" Weight="1" />
		
		<Item DecreaseBy="1" Id="322" RemoveOn="0.1" Weight="1" />
		
		<Item DecreaseBy="1" Id="323" RemoveOn="0.1" Weight="1" />
		
		<Item DecreaseBy="1" Id="324" RemoveOn="0.1" Weight="1" />
		
		<Item DecreaseBy="1" Id="325" RemoveOn="0.1" Weight="1" />
		
		<Item DecreaseBy="1" Id="329" RemoveOn="0.1" Weight="1" />
		
		<Item DecreaseBy="1" Id="330" RemoveOn="0.1" Weight="1" />
		
		<Item DecreaseBy="1" Id="332" RemoveOn="0.1" Weight="1" />
		
		<Item DecreaseBy="1" Id="333" RemoveOn="0.1" Weight="1" />
		
		<Item DecreaseBy="1" Id="334" RemoveOn="0.1" Weight="1" />
		
		<Item DecreaseBy="1" Id="335" RemoveOn="0.1" Weight="1" />
		
		<Item DecreaseBy="1" Id="336" RemoveOn="0.1" Weight="1" />
		
		<Item DecreaseBy="1" Id="411" RemoveOn="0.1" Weight="1" />
		
		<Item DecreaseBy="1" Id="410" RemoveOn="0.1" Weight="1" />
		
		<Item DecreaseBy="1" Id="407" RemoveOn="0.1" Weight="1" />
		
		<Item DecreaseBy="1" Id="406" RemoveOn="0.1" Weight="1" />
		
		<Item DecreaseBy="1" Id="404" RemoveOn="0.1" Weight="1" />
		
		<Item DecreaseBy="1" Id="401" RemoveOn="0.1" Weight="1" />
		
		<Item DecreaseBy="1" Id="398" RemoveOn="0.1" Weight="1" />
		
		<Item DecreaseBy="1" Id="397" RemoveOn="0.1" Weight="1" />
		
		<Item DecreaseBy="1" Id="395" RemoveOn="0.1" Weight="1" />
		
		<Item DecreaseBy="1" Id="394" RemoveOn="0.1" Weight="1" />
		
		<Item DecreaseBy="1" Id="393" RemoveOn="0.1" Weight="1" />
		
		<Item DecreaseBy="1" Id="392" RemoveOn="0.1" Weight="1" />
		
		<Item DecreaseBy="1" Id="391" RemoveOn="0.1" Weight="1" />
		
		<Item DecreaseBy="1" Id="389" RemoveOn="0.1" Weight="1" />
		
		<Item DecreaseBy="1" Id="388" RemoveOn="0.1" Weight="1" />
		
		<Item DecreaseBy="1" Id="386" RemoveOn="0.1" Weight="1" />
		
		<Item DecreaseBy="1" Id="385" RemoveOn="0.1" Weight="1" />
		
		<Item DecreaseBy="1" Id="384" RemoveOn="0.1" Weight="1" />
		
		<Item DecreaseBy="1" Id="382" RemoveOn="0.1" Weight="1" />
		
		<Item DecreaseBy="1" Id="381" RemoveOn="0.1" Weight="1" />
		
		<Item DecreaseBy="1" Id="379" RemoveOn="0.1" Weight="1" />
		
		<Item DecreaseBy="1" Id="378" RemoveOn="0.1" Weight="1" />
		
		<Item DecreaseBy="1" Id="377" RemoveOn="0.1" Weight="1" />
		
		<Item DecreaseBy="1" Id="375" RemoveOn="0.1" Weight="1" />
		
		<Item DecreaseBy="1" Id="373" RemoveOn="0.1" Weight="1" />
		
		<Item DecreaseBy="1" Id="371" RemoveOn="0.1" Weight="1" />
		
		<Item DecreaseBy="1" Id="369" RemoveOn="0.1" Weight="1" />
		
		<Item DecreaseBy="1" Id="368" RemoveOn="0.1" Weight="1" />
		
		<Item DecreaseBy="1" Id="367" RemoveOn="0.1" Weight="1" />
		
		<Item DecreaseBy="1" Id="366" RemoveOn="0.1" Weight="1" />
		
		<Item DecreaseBy="1" Id="365" RemoveOn="0.1" Weight="1" />
		
		<Item DecreaseBy="1" Id="364" RemoveOn="0.1" Weight="1" />
		
		<Item DecreaseBy="1" Id="362" RemoveOn="0.1" Weight="1" />
		
		<Item DecreaseBy="1" Id="361" RemoveOn="0.1" Weight="1" />
		
		<Item DecreaseBy="1" Id="359" RemoveOn="0.1" Weight="1" />
		
		<Item DecreaseBy="1" Id="358" RemoveOn="0.1" Weight="1" />
		
		<Item DecreaseBy="1" Id="352" RemoveOn="0.1" Weight="1" />
		
		<Item DecreaseBy="1" Id="350" RemoveOn="0.1" Weight="1" />
		
		<Item DecreaseBy="1" Id="351" RemoveOn="0.1" Weight="1" />
		
		<Item DecreaseBy="1" Id="353" RemoveOn="0.1" Weight="1" />
		
		<Item DecreaseBy="1" Id="405" RemoveOn="0.1" Weight="1" />
		
		<Item DecreaseBy="1" Id="374" RemoveOn="0.1" Weight="1" />
		
		<Item DecreaseBy="1" Id="390" RemoveOn="0.1" Weight="1" />
		
		<Item DecreaseBy="1" Id="418" RemoveOn="0.1" Weight="1" />
		
		<Item DecreaseBy="1" Id="419" RemoveOn="0.1" Weight="1" />
		
		<Item DecreaseBy="1" Id="421" RemoveOn="0.1" Weight="1" />
		
		<Item DecreaseBy="1" Id="422" RemoveOn="0.1" Weight="1" />
		
		<Item DecreaseBy="1" Id="426" RemoveOn="0.1" Weight="1" />
		
		<Item DecreaseBy="1" Id="427" RemoveOn="0.1" Weight="1" />
		
		<Item DecreaseBy="1" Id="430" RemoveOn="0.1" Weight="1" />
		
		<Item DecreaseBy="1" Id="431" RemoveOn="0.1" Weight="1" />
		
		<Item DecreaseBy="1" Id="432" RemoveOn="0.1" Weight="1" />
		
		<Item DecreaseBy="1" Id="435" RemoveOn="0.1" Weight="1" />
		
		<Item DecreaseBy="1" Id="436" RemoveOn="0.1" Weight="1" />
		
		<Item DecreaseBy="1" Id="437" RemoveOn="0.1" Weight="1" />
		
		<Item DecreaseBy="1" Id="440" RemoveOn="0.1" Weight="1" />
	</Pool>
	<Pool Name="shop">
		
		<Item DecreaseBy="0.5" Id="21" RemoveOn="0.1" Weight="1" />
		
		<Item DecreaseBy="0.5" Id="33" RemoveOn="0.1" Weight="1" />
		
		<Item DecreaseBy="0.5" Id="54" RemoveOn="0.1" Weight="1" />
		
		<Item DecreaseBy="0.5" Id="60" RemoveOn="0.1" Weight="1" />
		
		<Item DecreaseBy="0.5" Id="63" RemoveOn="0.1" Weight="1" />
		
		<Item DecreaseBy="0.5" Id="64" RemoveOn="0.1" Weight="1" />
		
		<Item DecreaseBy="0.5" Id="75" RemoveOn="0.1" Weight="1" />
		
		<Item DecreaseBy="0.5" Id="85" RemoveOn="0.1" Weight="1" />
		
		<Item DecreaseBy="0.5" Id="102" RemoveOn="0.1" Weight="1" />
		
		<Item DecreaseBy="0.5" Id="116" RemoveOn="0.1" Weight="1" />
		
		<Item DecreaseBy="0.5" Id="137" RemoveOn="0.1" Weight="1" />
		
		<Item DecreaseBy="0.5" Id="139" RemoveOn="0.1" Weight="1" />
		
		<Item DecreaseBy="0.5" Id="156" RemoveOn="0.1" Weight="1" />
		
		<Item DecreaseBy="0.5" Id="177" RemoveOn="0.1" Weight="1" />
		
		<Item DecreaseBy="0.5" Id="195" RemoveOn="0.1" Weight="1" />
		
		<Item DecreaseBy="0.5" Id="203" RemoveOn="0.1" Weight="1" />
		
		<Item DecreaseBy="0.5" Id="204" RemoveOn="0.1" Weight="1" />
		
		<Item DecreaseBy="0.5" Id="205" RemoveOn="0.1" Weight="1" />
		
		<Item DecreaseBy="0.5" Id="208" RemoveOn="0.1" Weight="1" />
		
		<Item DecreaseBy="0.5" Id="227" RemoveOn="0.1" Weight="1" />
		
		<Item DecreaseBy="0.5" Id="232" RemoveOn="0.1" Weight="1" />
		
		<Item DecreaseBy="0.5" Id="246" RemoveOn="0.1" Weight="1" />
		
		<Item DecreaseBy="0.5" Id="249" RemoveOn="0.1" Weight="1" />
		
		<Item DecreaseBy="0.5" Id="250" RemoveOn="0.1" Weight="1" />
		
		<Item DecreaseBy="0.5" Id="251" RemoveOn="0.1" Weight="1" />
		
		<Item DecreaseBy="0.5" Id="252" RemoveOn="0.1" Weight="1" />
		
		<Item DecreaseBy="0.5" Id="247" RemoveOn="0.1" Weight="1" />
		
		<Item DecreaseBy="0.5" Id="248" RemoveOn="0.1" Weight="1" />
		
		<Item DecreaseBy="0.5" Id="286" RemoveOn="0.1" Weight="1" />
		
		<Item DecreaseBy="0.5" Id="290" RemoveOn="0.1" Weight="1" />
		
		<Item DecreaseBy="0.5" Id="289" RemoveOn="0.1" Weight="1" />
		
		<Item DecreaseBy="0.5" Id="164" RemoveOn="0.1" Weight="1" />
		
		<Item DecreaseBy="0.5" Id="295" RemoveOn="0.1" Weight="1" />
		
		<Item DecreaseBy="0.5" Id="296" RemoveOn="0.1" Weight="1" />
		
		<Item DecreaseBy="0.5" Id="338" RemoveOn="0.1" Weight="1" />
		
		<Item DecreaseBy="0.5" Id="337" RemoveOn="0.1" Weight="1" />
		
		<Item DecreaseBy="0.5" Id="260" RemoveOn="0.1" Weight="1" />
		
		<Item DecreaseBy="0.5" Id="199" RemoveOn="0.1" Weight="1" />
		
		<Item DecreaseBy="0.5" Id="414" RemoveOn="0.1" Weight="1" />
		
		<Item DecreaseBy="0.5" Id="403" RemoveOn="0.1" Weight="1" />
		
		<Item DecreaseBy="0.5" Id="402" RemoveOn="0.1" Weight="1" />
		
		<Item DecreaseBy="0.5" Id="396" RemoveOn="0.1" Weight="1" />
		
		<Item DecreaseBy="0.5" Id="383" RemoveOn="0.1" Weight="1" />
		
		<Item DecreaseBy="0.5" Id="380" RemoveOn="0.1" Weight="1" />
		
		<Item DecreaseBy="0.5" Id="376" RemoveOn="0.1" Weight="1" />
		
		<Item DecreaseBy="0.5" Id="372" RemoveOn="0.1" Weight="1" />
		
		<Item DecreaseBy="0.5" Id="356" RemoveOn="0.1" Weight="1" />
		
		<Item DecreaseBy="0.5" Id="349" RemoveOn="0.1" Weight="1" />
		
		<Item DecreaseBy="0.5" Id="347" RemoveOn="0.1" Weight="1" />
		
		<Item DecreaseBy="0.5" Id="348" RemoveOn="0.1" Weight="1" />
		
		<Item DecreaseBy="0.5" Id="357" RemoveOn="0.1" Weight="1" />
		
		<Item DecreaseBy="0.5" Id="439" RemoveOn="0.1" Weight="1" />
		
		<Item DecreaseBy="0.5" Id="434" RemoveOn="0.1" Weight="1" />
		
		<Item DecreaseBy="0.5" Id="425" RemoveOn="0.1" Weight="1" />
		
		<Item DecreaseBy="0.5" Id="424" RemoveOn="0.1" Weight="1" />
		
		<Item DecreaseBy="0.5" Id="422" RemoveOn="0.1" Weight="1" />
		
		<Item DecreaseBy="0.5" Id="416" RemoveOn="0.1" Weight="1" />
	</Pool>
	<Pool Name="boss">
		
		<Item DecreaseBy="1" Id="12" RemoveOn="0.1" Weight="1" />
		
		<Item DecreaseBy="1" Id="14" RemoveOn="0.1" Weight="1" />
		
		<Item DecreaseBy="1" Id="15" RemoveOn="0.1" Weight="1" />
		
		<Item DecreaseBy="1" Id="22" RemoveOn="0.1" Weight="1" />
		
		<Item DecreaseBy="1" Id="23" RemoveOn="0.1" Weight="1" />
		
		<Item DecreaseBy="1" Id="24" RemoveOn="0.1" Weight="1" />
		
		<Item DecreaseBy="1" Id="25" RemoveOn="0.1" Weight="1" />
		
		<Item DecreaseBy="1" Id="26" RemoveOn="0.1" Weight="1" />
		
		<Item DecreaseBy="1" Id="27" RemoveOn="0.1" Weight="1" />
		
		<Item DecreaseBy="1" Id="28" RemoveOn="0.1" Weight="1" />
		
		<Item DecreaseBy="1" Id="29" RemoveOn="0.1" Weight="1" />
		
		<Item DecreaseBy="1" Id="30" RemoveOn="0.1" Weight="1" />
		
		<Item DecreaseBy="1" Id="31" RemoveOn="0.1" Weight="1" />
		
		<Item DecreaseBy="1" Id="32" RemoveOn="0.1" Weight="1" />
		
		<Item DecreaseBy="1" Id="70" RemoveOn="0.1" Weight="1" />
		
		<Item DecreaseBy="1" Id="92" RemoveOn="0.1" Weight="1" />
		
		<Item DecreaseBy="1" Id="100" RemoveOn="0.1" Weight="1" />
		
		<Item DecreaseBy="1" Id="101" RemoveOn="0.1" Weight="1" />
		
		<Item DecreaseBy="1" Id="141" RemoveOn="0.1" Weight="1" />
		
		<Item DecreaseBy="1" Id="143" RemoveOn="0.1" Weight="1" />
		
		<Item DecreaseBy="1" Id="165" RemoveOn="0.1" Weight="1" />
		
		<Item DecreaseBy="1" Id="176" RemoveOn="0.1" Weight="1" />
		
		<Item DecreaseBy="1" Id="183" RemoveOn="0.1" Weight="1" />
		
		<Item DecreaseBy="1" Id="193" RemoveOn="0.1" Weight="1" />
		
		<Item DecreaseBy="1" Id="194" RemoveOn="0.1" Weight="1" />
		
		<Item DecreaseBy="1" Id="195" RemoveOn="0.1" Weight="1" />
		
		<Item DecreaseBy="1" Id="196" RemoveOn="0.1" Weight="1" />
		
		<Item DecreaseBy="1" Id="197" RemoveOn="0.1" Weight="1" />
		
		<Item DecreaseBy="1" Id="198" RemoveOn="0.1" Weight="1" />
		
		<Item DecreaseBy="1" Id="218" RemoveOn="0.1" Weight="1" />
		
		<Item DecreaseBy="1" Id="219" RemoveOn="0.1" Weight="1" />
		
		<Item DecreaseBy="1" Id="240" RemoveOn="0.1" Weight="1" />
		
		<Item DecreaseBy="1" Id="253" RemoveOn="0.1" Weight="1" />
		
		<Item DecreaseBy="1" Id="254" RemoveOn="0.1" Weight="1" />
		
		<Item DecreaseBy="1" Id="255" RemoveOn="0.1" Weight="1" />
		
		<Item DecreaseBy="1" Id="51" RemoveOn="0.1" Weight="1" />
		
		<Item DecreaseBy="1" Id="339" RemoveOn="0.1" Weight="1" />
		
		<Item DecreaseBy="1" Id="340" RemoveOn="0.1" Weight="1" />
		
		<Item DecreaseBy="1" Id="341" RemoveOn="0.1" Weight="1" />
		
		<Item DecreaseBy="1" Id="342" RemoveOn="0.1" Weight="1" />
		
		<Item DecreaseBy="1" Id="343" RemoveOn="0.1" Weight="1" />
		
		<Item DecreaseBy="1" Id="344" RemoveOn="0.1" Weight="1" />
		
		<Item DecreaseBy="1" Id="345" RemoveOn="0.1" Weight="1" />
		
		<Item DecreaseBy="1" Id="346" RemoveOn="0.1" Weight="1" />
		
		<Item DecreaseBy="1" Id="370" RemoveOn="0.1" Weight="1" />
		
		<Item DecreaseBy="1" Id="355" RemoveOn="0.1" Weight="1" />
		
		<Item DecreaseBy="1" Id="354" RemoveOn="0.1" Weight="1" />
		
		<Item DecreaseBy="1" Id="438" RemoveOn="0.1" Weight="1" />
		
		<Item DecreaseBy="1" Id="428" RemoveOn="0.1" Weight="1" />
	</Pool>
	<Pool Name="devil">
		
		<Item DecreaseBy="1" Id="8" RemoveOn="0.1" Weight="1" />
		
		<Item DecreaseBy="1" Id="34" RemoveOn="0.1" Weight="1" />
		
		<Item DecreaseBy="1" Id="35" RemoveOn="0.1" Weight="1" />
		
		<Item DecreaseBy="1" Id="51" RemoveOn="0.1" Weight="1" />
		
		<Item DecreaseBy="1" Id="67" RemoveOn="0.1" Weight="1" />
		
		<Item DecreaseBy="1" Id="79" RemoveOn="0.1" Weight="1" />
		
		<Item DecreaseBy="1" Id="80" RemoveOn="0.1" Weight="1" />
		
		<Item DecreaseBy="1" Id="81" RemoveOn="0.1" Weight="1" />
		
		<Item DecreaseBy="1" Id="82" RemoveOn="0.1" Weight="1" />
		
		<Item DecreaseBy="1" Id="83" RemoveOn="0.1" Weight="1" />
		
		<Item DecreaseBy="1" Id="97" RemoveOn="0.1" Weight="1" />
		
		<Item DecreaseBy="1" Id="113" RemoveOn="0.1" Weight="1" />
		
		<Item DecreaseBy="1" Id="114" RemoveOn="0.1" Weight="1" />
		
		<Item DecreaseBy="1" Id="118" RemoveOn="0.1" Weight="1" />
		
		<Item DecreaseBy="1" Id="122" RemoveOn="0.1" Weight="1" />
		
		<Item DecreaseBy="1" Id="126" RemoveOn="0.1" Weight="1" />
		
		<Item DecreaseBy="1" Id="133" RemoveOn="0.1" Weight="1" />
		
		<Item DecreaseBy="1" Id="134" RemoveOn="0.1" Weight="1" />
		
		<Item DecreaseBy="1" Id="145" RemoveOn="0.1" Weight="1" />
		
		<Item DecreaseBy="1" Id="159" RemoveOn="0.1" Weight="1" />
		
		<Item DecreaseBy="1" Id="163" RemoveOn="0.1" Weight="1" />
		
		<Item DecreaseBy="1" Id="172" RemoveOn="0.1" Weight="1" />
		
		<Item DecreaseBy="1" Id="187" RemoveOn="0.1" Weight="1" />
		
		<Item DecreaseBy="1" Id="212" RemoveOn="0.1" Weight="1" />
		
		<Item DecreaseBy="1" Id="215" RemoveOn="0.1" Weight="1" />
		
		<Item DecreaseBy="1" Id="216" RemoveOn="0.1" Weight="1" />
		
		<Item DecreaseBy="1" Id="225" RemoveOn="0.1" Weight="1" />
		
		<Item DecreaseBy="1" Id="230" RemoveOn="0.1" Weight="1" />
		
		<Item DecreaseBy="1" Id="237" RemoveOn="0.1" Weight="1" />
		
		<Item DecreaseBy="1" Id="241" RemoveOn="0.1" Weight="1" />
		
		<Item DecreaseBy="1" Id="259" RemoveOn="0.1" Weight="1" />
		
		<Item DecreaseBy="1" Id="262" RemoveOn="0.1" Weight="1" />
		
		<Item DecreaseBy="1" Id="269" RemoveOn="0.1" Weight="1" />
		
		<Item DecreaseBy="1" Id="268" RemoveOn="0.1" Weight="1" />
		
		<Item DecreaseBy="1" Id="275" RemoveOn="0.1" Weight="1" />
		
		<Item DecreaseBy="1" Id="278" RemoveOn="0.1" Weight="1" />
		
		<Item DecreaseBy="1" Id="292" RemoveOn="0.1" Weight="1" />
		
		<Item DecreaseBy="1" Id="311" RemoveOn="0.1" Weight="1" />
		
		<Item DecreaseBy="1" Id="412" RemoveOn="0.1" Weight="1" />
		
		<Item DecreaseBy="1" Id="408" RemoveOn="0.1" Weight="1" />
		
		<Item DecreaseBy="1" Id="399" RemoveOn="0.1" Weight="1" />
		
		<Item DecreaseBy="1" Id="391" RemoveOn="0.1" Weight="1" />
		
		<Item DecreaseBy="1" Id="360" RemoveOn="0.1" Weight="1" />
		
		<Item DecreaseBy="1" Id="409" RemoveOn="0.1" Weight="1" />
		
		<Item DecreaseBy="1" Id="433" RemoveOn="0.1" Weight="1" />
		
		<Item DecreaseBy="1" Id="431" RemoveOn="0.1" Weight="1" />
		
		<Item DecreaseBy="1" Id="420" RemoveOn="0.1" Weight="1" />
		
		<Item DecreaseBy="1" Id="417" RemoveOn="0.1" Weight="1" />
		
		<Item DecreaseBy="0.2" Id="441" RemoveOn="0.1" Weight="0.2" />
	</Pool>
	<Pool Name="angel">
		
		<Item DecreaseBy="1" Id="33" RemoveOn="0.1" Weight="1" />
		
		<Item DecreaseBy="1" Id="72" RemoveOn="0.1" Weight="1" />
		
		<Item DecreaseBy="1" Id="98" RemoveOn="0.1" Weight="1" />
		
		<Item DecreaseBy="1" Id="101" RemoveOn="0.1" Weight="1" />
		
		<Item DecreaseBy="1" Id="108" RemoveOn="0.1" Weight="1" />
		
		<Item DecreaseBy="1" Id="112" RemoveOn="0.1" Weight="1" />
		
		<Item DecreaseBy="1" Id="124" RemoveOn="0.1" Weight="1" />
		
		<Item DecreaseBy="1" Id="142" RemoveOn="0.1" Weight="1" />
		
		<Item DecreaseBy="1" Id="146" RemoveOn="0.1" Weight="1" />
		
		<Item DecreaseBy="1" Id="156" RemoveOn="0.1" Weight="1" />
		
		<Item DecreaseBy="1" Id="162" RemoveOn="0.1" Weight="1" />
		
		<Item DecreaseBy="1" Id="173" RemoveOn="0.1" Weight="1" />
		
		<Item DecreaseBy="1" Id="178" RemoveOn="0.1" Weight="1" />
		
		<Item DecreaseBy="1" Id="182" RemoveOn="0.1" Weight="1" />
		
		<Item DecreaseBy="1" Id="184" RemoveOn="0.1" Weight="1" />
		
		<Item DecreaseBy="1" Id="185" RemoveOn="0.1" Weight="1" />
		
		<Item DecreaseBy="1" Id="243" RemoveOn="0.1" Weight="1" />
		
		<Item DecreaseBy="1" Id="313" RemoveOn="0.1" Weight="1" />
		
		<Item DecreaseBy="1" Id="326" RemoveOn="0.1" Weight="1" />
		
		<Item DecreaseBy="1" Id="331" RemoveOn="0.1" Weight="1" />
		
		<Item DecreaseBy="1" Id="332" RemoveOn="0.1" Weight="1" />
		
		<Item DecreaseBy="1" Id="333" RemoveOn="0.1" Weight="1" />
		
		<Item DecreaseBy="1" Id="334" RemoveOn="0.1" Weight="1" />
		
		<Item DecreaseBy="1" Id="335" RemoveOn="0.1" Weight="1" />
		
		<Item DecreaseBy="1" Id="415" RemoveOn="0.1" Weight="1" />
		
		<Item DecreaseBy="1" Id="413" RemoveOn="0.1" Weight="1" />
		
		<Item DecreaseBy="1" Id="400" RemoveOn="0.1" Weight="1" />
		
		<Item DecreaseBy="1" Id="390" RemoveOn="0.1" Weight="1" />
		
		<Item DecreaseBy="1" Id="374" RemoveOn="0.1" Weight="1" />
		
		<Item DecreaseBy="1" Id="363" RemoveOn="0.1" Weight="1" />
		
		<Item DecreaseBy="1" Id="423" RemoveOn="0.1" Weight="1" />
		
		<Item DecreaseBy="1" Id="387" RemoveOn="0.1" Weight="1" />
	</Pool>
	<Pool Name="secret">
		
		<Item DecreaseBy="1" Id="321" RemoveOn="0.1" Weight="1" />
		
		<Item DecreaseBy="1" Id="316" RemoveOn="0.1" Weight="1" />
		
		<Item DecreaseBy="1" Id="286" RemoveOn="0.1" Weight="1" />
		
		<Item DecreaseBy="1" Id="287" RemoveOn="0.1" Weight="1" />
		
		<Item DecreaseBy="1" Id="271" RemoveOn="0.1" Weight="1" />
		
		<Item DecreaseBy="1" Id="262" RemoveOn="0.1" Weight="1" />
		
		<Item DecreaseBy="1" Id="242" RemoveOn="0.1" Weight="1" />
		
		<Item DecreaseBy="1" Id="226" RemoveOn="0.1" Weight="1" />
		
		<Item DecreaseBy="1" Id="213" RemoveOn="0.1" Weight="1" />
		
		<Item DecreaseBy="1" Id="190" RemoveOn="0.1" Weight="1" />
		
		<Item DecreaseBy="1" Id="131" RemoveOn="0.1" Weight="1" />
		
		<Item DecreaseBy="1" Id="127" RemoveOn="0.1" Weight="1" />
		
		<Item DecreaseBy="1" Id="106" RemoveOn="0.1" Weight="1" />
		
		<Item DecreaseBy="1" Id="94" RemoveOn="0.1" Weight="1" />
		
		<Item DecreaseBy="1" Id="74" RemoveOn="0.1" Weight="1" />
		
		<Item DecreaseBy="1" Id="35" RemoveOn="0.1" Weight="1" />
		
		<Item DecreaseBy="1" Id="20" RemoveOn="0.1" Weight="1" />
		
		<Item DecreaseBy="1" Id="17" RemoveOn="0.1" Weight="1" />
		
		<Item DecreaseBy="1" Id="16" RemoveOn="0.1" Weight="1" />
		
		<Item DecreaseBy="1" Id="11" RemoveOn="0.1" Weight="1" />
		
		<Item DecreaseBy="1" Id="120" RemoveOn="0.1" Weight="1" />
		
		<Item DecreaseBy="1" Id="121" RemoveOn="0.1" Weight="1" />
		
		<Item DecreaseBy="1" Id="258" RemoveOn="0.1" Weight="1" />
		
		<Item DecreaseBy="1" Id="405" RemoveOn="0.1" Weight="1" />
		
		<Item DecreaseBy="1" Id="388" RemoveOn="0.1" Weight="1" />
		
		<Item DecreaseBy="1" Id="389" RemoveOn="0.1" Weight="1" />
	</Pool>
	<Pool Name="library">
		
		<Item DecreaseBy="0.1" Id="33" RemoveOn="0.1" Weight="1" />
		
		<Item DecreaseBy="0.1" Id="34" RemoveOn="0.1" Weight="1" />
		
		<Item DecreaseBy="0.1" Id="35" RemoveOn="0.1" Weight="1" />
		
		<Item DecreaseBy="0.1" Id="58" RemoveOn="0.1" Weight="1" />
		
		<Item DecreaseBy="0.1" Id="65" RemoveOn="0.1" Weight="1" />
		
		<Item DecreaseBy="0.1" Id="78" RemoveOn="0.1" Weight="1" />
		
		<Item DecreaseBy="0.1" Id="97" RemoveOn="0.1" Weight="1" />
		
		<Item DecreaseBy="0.1" Id="192" RemoveOn="0.1" Weight="1" />
		
		<Item DecreaseBy="0.1" Id="282" RemoveOn="0.1" Weight="1" />
		
		<Item DecreaseBy="0.1" Id="287" RemoveOn="0.1" Weight="1" />
		
		<Item DecreaseBy="0.1" Id="292" RemoveOn="0.1" Weight="1" />
	</Pool>
	<Pool Name="challenge">
		
		<Item DecreaseBy="0.5" Id="209" RemoveOn="0.1" Weight="1" />
		
		<Item DecreaseBy="0.5" Id="220" RemoveOn="0.1" Weight="1" />
		
		<Item DecreaseBy="0.5" Id="140" RemoveOn="0.1" Weight="1" />
		
		<Item DecreaseBy="0.5" Id="131" RemoveOn="0.1" Weight="1" />
		
		<Item DecreaseBy="0.5" Id="125" RemoveOn="0.1" Weight="1" />
		
		<Item DecreaseBy="0.5" Id="137" RemoveOn="0.1" Weight="1" />
		
		<Item DecreaseBy="0.5" Id="106" RemoveOn="0.1" Weight="1" />
		
		<Item DecreaseBy="0.5" Id="37" RemoveOn="0.1" Weight="1" />
		
		<Item DecreaseBy="0.5" Id="19" RemoveOn="0.1" Weight="1" />
	</Pool>
	<Pool Name="goldenChest">
		
		<Item DecreaseBy="0.4" Id="4" RemoveOn="0.1" Weight="1" />
		
		<Item DecreaseBy="0.4" Id="38" RemoveOn="0.1" Weight="1" />
		
		<Item DecreaseBy="0.4" Id="42" RemoveOn="0.1" Weight="1" />
		
		<Item DecreaseBy="0.4" Id="145" RemoveOn="0.1" Weight="1" />
		
		<Item DecreaseBy="0.4" Id="188" RemoveOn="0.1" Weight="1" />
		
		<Item DecreaseBy="0.4" Id="179" RemoveOn="0.1" Weight="1" />
		
		<Item DecreaseBy="0.4" Id="215" RemoveOn="0.1" Weight="1" />
		
		<Item DecreaseBy="0.4" Id="242" RemoveOn="0.1" Weight="1" />
		
		<Item DecreaseBy="0.4" Id="273" RemoveOn="0.1" Weight="1" />
		
		<Item DecreaseBy="0.4" Id="361" RemoveOn="0.1" Weight="1" />
		
		<Item DecreaseBy="0.4" Id="50" RemoveOn="0.1" Weight="1" />
		
		<Item DecreaseBy="0.4" Id="429" RemoveOn="0.1" Weight="1" />
	</Pool>
	<Pool Name="redChest">
		
		<Item DecreaseBy="0.4" Id="212" RemoveOn="0.1" Weight="1" />
		
		<Item DecreaseBy="0.4" Id="145" RemoveOn="0.1" Weight="1" />
		
		<Item DecreaseBy="0.4" Id="134" RemoveOn="0.1" Weight="1" />
		
		<Item DecreaseBy="0.4" Id="133" RemoveOn="0.1" Weight="1" />
		
		<Item DecreaseBy="0.4" Id="81" RemoveOn="0.1" Weight="1" />
		
		<Item DecreaseBy="0.4" Id="371" RemoveOn="0.1" Weight="1" />
		
		<Item DecreaseBy="0.4" Id="316" RemoveOn="0.1" Weight="1" />
		
		<Item DecreaseBy="0.4" Id="140" RemoveOn="0.1" Weight="1" />
	</Pool>
	<Pool Name="beggar">
		
		<Item DecreaseBy="0.5" Id="22" RemoveOn="0.1" Weight="1" />
		
		<Item DecreaseBy="0.5" Id="23" RemoveOn="0.1" Weight="1" />
		
		<Item DecreaseBy="0.5" Id="24" RemoveOn="0.1" Weight="1" />
		
		<Item DecreaseBy="0.5" Id="26" RemoveOn="0.1" Weight="1" />
		
		<Item DecreaseBy="0.5" Id="25" RemoveOn="0.1" Weight="1" />
		
		<Item DecreaseBy="0.5" Id="46" RemoveOn="0.1" Weight="1" />
		
		<Item DecreaseBy="0.5" Id="54" RemoveOn="0.1" Weight="1" />
		
		<Item DecreaseBy="0.5" Id="21" RemoveOn="0.1" Weight="1" />
		
		<Item DecreaseBy="0.5" Id="102" RemoveOn="0.1" Weight="1" />
		
		<Item DecreaseBy="0.5" Id="111" RemoveOn="0.1" Weight="1" />
		
		<Item DecreaseBy="0.5" Id="177" RemoveOn="0.1" Weight="1" />
		
		<Item DecreaseBy="0.5" Id="180" RemoveOn="0.1" Weight="1" />
		
		<Item DecreaseBy="0.5" Id="195" RemoveOn="0.1" Weight="1" />
		
		<Item DecreaseBy="0.5" Id="198" RemoveOn="0.1" Weight="1" />
		
		<Item DecreaseBy="0.5" Id="204" RemoveOn="0.1" Weight="1" />
		
		<Item DecreaseBy="0.5" Id="246" RemoveOn="0.1" Weight="1" />
		
		<Item DecreaseBy="0.5" Id="271" RemoveOn="0.1" Weight="1" />
		
		<Item DecreaseBy="0.5" Id="294" RemoveOn="0.1" Weight="1" />
		
		<Item DecreaseBy="0.5" Id="385" RemoveOn="0.1" Weight="1" />
		
		<Item DecreaseBy="0.5" Id="376" RemoveOn="0.1" Weight="1" />
		
		<Item DecreaseBy="0.5" Id="362" RemoveOn="0.1" Weight="1" />
		
		<Item DecreaseBy="0.5" Id="144" RemoveOn="0.1" Weight="1" />
	</Pool>
	<Pool Name="demonBeggar">
		
		<Item DecreaseBy="0.5" Id="262" RemoveOn="0.1" Weight="1" />
		
		<Item DecreaseBy="0.5" Id="241" RemoveOn="0.1" Weight="1" />
		
		<Item DecreaseBy="0.5" Id="240" RemoveOn="0.1" Weight="1" />
		
		<Item DecreaseBy="0.5" Id="225" RemoveOn="0.1" Weight="1" />
		
		<Item DecreaseBy="0.5" Id="216" RemoveOn="0.1" Weight="1" />
		
		<Item DecreaseBy="0.5" Id="195" RemoveOn="0.1" Weight="1" />
		
		<Item DecreaseBy="0.5" Id="143" RemoveOn="0.1" Weight="1" />
		
		<Item DecreaseBy="0.5" Id="102" RemoveOn="0.1" Weight="1" />
		
		<Item DecreaseBy="0.5" Id="14" RemoveOn="0.1" Weight="1" />
		
		<Item DecreaseBy="0.5" Id="13" RemoveOn="0.1" Weight="1" />
		
		<Item DecreaseBy="0.5" Id="70" RemoveOn="0.1" Weight="1" />
		
		<Item DecreaseBy="0.5" Id="340" RemoveOn="0.1" Weight="1" />
		
		<Item DecreaseBy="0.5" Id="345" RemoveOn="0.1" Weight="1" />
		
		<Item DecreaseBy="0.5" Id="113" RemoveOn="0.1" Weight="1" />
		
		<Item DecreaseBy="0.5" Id="417" RemoveOn="0.1" Weight="1" />
	</Pool>
	<Pool Name="curse">
		
		<Item DecreaseBy="0.5" Id="51" RemoveOn="0.1" Weight="1" />
		
		<Item DecreaseBy="0.5" Id="79" RemoveOn="0.1" Weight="1" />
		
		<Item DecreaseBy="0.5" Id="80" RemoveOn="0.1" Weight="1" />
		
		<Item DecreaseBy="0.5" Id="81" RemoveOn="0.1" Weight="1" />
		
		<Item DecreaseBy="0.5" Id="133" RemoveOn="0.1" Weight="1" />
		
		<Item DecreaseBy="0.5" Id="134" RemoveOn="0.1" Weight="1" />
		
		<Item DecreaseBy="0.5" Id="145" RemoveOn="0.1" Weight="1" />
		
		<Item DecreaseBy="0.5" Id="212" RemoveOn="0.1" Weight="1" />
		
		<Item DecreaseBy="0.5" Id="215" RemoveOn="0.1" Weight="1" />
		
		<Item DecreaseBy="0.5" Id="216" RemoveOn="0.1" Weight="1" />
		
		<Item DecreaseBy="0.5" Id="225" RemoveOn="0.1" Weight="1" />
		
		<Item DecreaseBy="0.5" Id="241" RemoveOn="0.1" Weight="1" />
		
		<Item DecreaseBy="0.5" Id="260" RemoveOn="0.1" Weight="1" />
		
		<Item DecreaseBy="0.5" Id="408" RemoveOn="0.1" Weight="1" />
		
		<Item DecreaseBy="0.5" Id="371" RemoveOn="0.1" Weight="1" />
	</Pool>
	<Pool Name="keyMaster">
		
		<Item DecreaseBy="0.5" Id="10" RemoveOn="0.1" Weight="1" />
		
		<Item DecreaseBy="0.5" Id="128" RemoveOn="0.1" Weight="1" />
		
		<Item DecreaseBy="0.5" Id="264" RemoveOn="0.1" Weight="1" />
		
		<Item DecreaseBy="0.5" Id="57" RemoveOn="0.1" Weight="1" />
		
		<Item DecreaseBy="0.5" Id="272" RemoveOn="0.1" Weight="1" />
		
		<Item DecreaseBy="0.5" Id="199" RemoveOn="0.1" Weight="1" />
		
		<Item DecreaseBy="0.5" Id="175" RemoveOn="0.1" Weight="1" />
		
		<Item DecreaseBy="0.5" Id="320" RemoveOn="0.1" Weight="1" />
		
		<Item DecreaseBy="0.5" Id="364" RemoveOn="0.1" Weight="1" />
		
		<Item DecreaseBy="0.5" Id="365" RemoveOn="0.1" Weight="1" />
		
		<Item DecreaseBy="0.5" Id="388" RemoveOn="0.1" Weight="1" />
	</Pool>
	<Pool Name="bossrush">
		
		<Item DecreaseBy="0.5" Id="209" RemoveOn="0.1" Weight="1" />
		
		<Item DecreaseBy="0.5" Id="220" RemoveOn="0.1" Weight="1" />
		
		<Item DecreaseBy="0.5" Id="140" RemoveOn="0.1" Weight="1" />
		
		<Item DecreaseBy="0.5" Id="131" RemoveOn="0.1" Weight="1" />
		
		<Item DecreaseBy="0.5" Id="125" RemoveOn="0.1" Weight="1" />
		
		<Item DecreaseBy="0.5" Id="137" RemoveOn="0.1" Weight="1" />
		
		<Item DecreaseBy="0.5" Id="106" RemoveOn="0.1" Weight="1" />
		
		<Item DecreaseBy="0.5" Id="37" RemoveOn="0.1" Weight="1" />
		
		<Item DecreaseBy="0.5" Id="19" RemoveOn="0.1" Weight="1" />
		
		<Item DecreaseBy="0.5" Id="401" RemoveOn="0.1" Weight="1" />
		
		<Item DecreaseBy="0.5" Id="378" RemoveOn="0.1" Weight="1" />
		
		<Item DecreaseBy="0.5" Id="371" RemoveOn="0.1" Weight="1" />
		
		<Item DecreaseBy="0.5" Id="367" RemoveOn="0.1" Weight="1" />
		
		<Item DecreaseBy="0.5" Id="366" RemoveOn="0.1" Weight="1" />
		
		<Item DecreaseBy="0.5" Id="353" RemoveOn="0.1" Weight="1" />
		
		<Item DecreaseBy="0.5" Id="432" RemoveOn="0.1" Weight="1" />
	</Pool>
	<Pool Name="dungeon">
		
		<Item DecreaseBy="0.5" Id="22" RemoveOn="0.1" Weight="1" />
		
		<Item DecreaseBy="0.5" Id="23" RemoveOn="0.1" Weight="1" />
		
		<Item DecreaseBy="0.5" Id="24" RemoveOn="0.1" Weight="1" />
		
		<Item DecreaseBy="0.5" Id="25" RemoveOn="0.1" Weight="1" />
		
		<Item DecreaseBy="0.5" Id="26" RemoveOn="0.1" Weight="1" />
		
		<Item DecreaseBy="0.5" Id="29" RemoveOn="0.1" Weight="1" />
		
		<Item DecreaseBy="0.5" Id="30" RemoveOn="0.1" Weight="1" />
		
		<Item DecreaseBy="0.5" Id="31" RemoveOn="0.1" Weight="1" />
		
		<Item DecreaseBy="0.5" Id="39" RemoveOn="0.1" Weight="1" />
		
		<Item DecreaseBy="0.5" Id="41" RemoveOn="0.1" Weight="1" />
		
		<Item DecreaseBy="0.5" Id="55" RemoveOn="0.1" Weight="1" />
		
		<Item DecreaseBy="0.5" Id="102" RemoveOn="0.1" Weight="1" />
		
		<Item DecreaseBy="0.5" Id="110" RemoveOn="0.1" Weight="1" />
		
		<Item DecreaseBy="0.5" Id="114" RemoveOn="0.1" Weight="1" />
		
		<Item DecreaseBy="0.5" Id="139" RemoveOn="0.1" Weight="1" />
		
		<Item DecreaseBy="0.5" Id="195" RemoveOn="0.1" Weight="1" />
		
		<Item DecreaseBy="0.5" Id="198" RemoveOn="0.1" Weight="1" />
		
		<Item DecreaseBy="0.5" Id="199" RemoveOn="0.1" Weight="1" />
		
		<Item DecreaseBy="0.5" Id="200" RemoveOn="0.1" Weight="1" />
		
		<Item DecreaseBy="0.5" Id="217" RemoveOn="0.1" Weight="1" />
		
		<Item DecreaseBy="0.5" Id="228" RemoveOn="0.1" Weight="1" />
		
		<Item DecreaseBy="0.5" Id="355" RemoveOn="0.1" Weight="1" />
		
		<Item DecreaseBy="0.5" Id="346" RemoveOn="0.1" Weight="1" />
	</Pool>
	<Pool Name="greedTreasure">
		
		<Item DecreaseBy="1" Id="1" RemoveOn="0.1" Weight="1" />
		
		<Item DecreaseBy="1" Id="2" RemoveOn="0.1" Weight="1" />
		
		<Item DecreaseBy="1" Id="3" RemoveOn="0.1" Weight="1" />
		
		<Item DecreaseBy="1" Id="4" RemoveOn="0.1" Weight="1" />
		
		<Item DecreaseBy="1" Id="5" RemoveOn="0.1" Weight="1" />
		
		<Item DecreaseBy="1" Id="6" RemoveOn="0.1" Weight="1" />
		
		<Item DecreaseBy="1" Id="7" RemoveOn="0.1" Weight="1" />
		
		<Item DecreaseBy="1" Id="8" RemoveOn="0.1" Weight="1" />
		
		<Item DecreaseBy="1" Id="10" RemoveOn="0.1" Weight="1" />
		
		<Item DecreaseBy="1" Id="12" RemoveOn="0.1" Weight="1" />
		
		<Item DecreaseBy="1" Id="48" RemoveOn="0.1" Weight="1" />
		
		<Item DecreaseBy="1" Id="50" RemoveOn="0.1" Weight="1" />
		
		<Item DecreaseBy="1" Id="52" RemoveOn="0.1" Weight="1" />
		
		<Item DecreaseBy="1" Id="55" RemoveOn="0.1" Weight="1" />
		
		<Item DecreaseBy="1" Id="57" RemoveOn="0.1" Weight="1" />
		
		<Item DecreaseBy="1" Id="62" RemoveOn="0.1" Weight="1" />
		
		<Item DecreaseBy="1" Id="67" RemoveOn="0.1" Weight="1" />
		
		<Item DecreaseBy="1" Id="68" RemoveOn="0.1" Weight="1" />
		
		<Item DecreaseBy="1" Id="69" RemoveOn="0.1" Weight="1" />
		
		<Item DecreaseBy="1" Id="87" RemoveOn="0.1" Weight="1" />
		
		<Item DecreaseBy="1" Id="88" RemoveOn="0.1" Weight="1" />
		
		<Item DecreaseBy="1" Id="89" RemoveOn="0.1" Weight="1" />
		
		<Item DecreaseBy="1" Id="94" RemoveOn="0.1" Weight="1" />
		
		<Item DecreaseBy="1" Id="95" RemoveOn="0.1" Weight="1" />
		
		<Item DecreaseBy="1" Id="96" RemoveOn="0.1" Weight="1" />
		
		<Item DecreaseBy="1" Id="98" RemoveOn="0.1" Weight="1" />
		
		<Item DecreaseBy="1" Id="99" RemoveOn="0.1" Weight="1" />
		
		<Item DecreaseBy="1" Id="100" RemoveOn="0.1" Weight="1" />
		
		<Item DecreaseBy="1" Id="101" RemoveOn="0.1" Weight="1" />
		
		<Item DecreaseBy="1" Id="103" RemoveOn="0.1" Weight="1" />
		
		<Item DecreaseBy="1" Id="104" RemoveOn="0.1" Weight="1" />
		
		<Item DecreaseBy="1" Id="106" RemoveOn="0.1" Weight="1" />
		
		<Item DecreaseBy="1" Id="108" RemoveOn="0.1" Weight="1" />
		
		<Item DecreaseBy="1" Id="110" RemoveOn="0.1" Weight="1" />
		
		<Item DecreaseBy="1" Id="111" RemoveOn="0.1" Weight="1" />
		
		<Item DecreaseBy="1" Id="114" RemoveOn="0.1" Weight="1" />
		
		<Item DecreaseBy="1" Id="115" RemoveOn="0.1" Weight="1" />
		
		<Item DecreaseBy="1" Id="117" RemoveOn="0.1" Weight="1" />
		
		<Item DecreaseBy="1" Id="120" RemoveOn="0.1" Weight="1" />
		
		<Item DecreaseBy="1" Id="120" RemoveOn="0.1" Weight="1" />
		
		<Item DecreaseBy="1" Id="125" RemoveOn="0.1" Weight="1" />
		
		<Item DecreaseBy="1" Id="128" RemoveOn="0.1" Weight="1" />
		
		<Item DecreaseBy="1" Id="131" RemoveOn="0.1" Weight="1" />
		
		<Item DecreaseBy="1" Id="132" RemoveOn="0.1" Weight="1" />
		
		<Item DecreaseBy="1" Id="138" RemoveOn="0.1" Weight="1" />
		
		<Item DecreaseBy="1" Id="140" RemoveOn="0.1" Weight="1" />
		
		<Item DecreaseBy="1" Id="142" RemoveOn="0.1" Weight="1" />
		
		<Item DecreaseBy="1" Id="148" RemoveOn="0.1" Weight="1" />
		
		<Item DecreaseBy="1" Id="149" RemoveOn="0.1" Weight="1" />
		
		<Item DecreaseBy="1" Id="150" RemoveOn="0.1" Weight="1" />
		
		<Item DecreaseBy="1" Id="151" RemoveOn="0.1" Weight="1" />
		
		<Item DecreaseBy="1" Id="152" RemoveOn="0.1" Weight="1" />
		
		<Item DecreaseBy="1" Id="153" RemoveOn="0.1" Weight="1" />
		
		<Item DecreaseBy="1" Id="154" RemoveOn="0.1" Weight="1" />
		
		<Item DecreaseBy="1" Id="155" RemoveOn="0.1" Weight="1" />
		
		<Item DecreaseBy="1" Id="157" RemoveOn="0.1" Weight="1" />
		
		<Item DecreaseBy="1" Id="161" RemoveOn="0.1" Weight="1" />
		
		<Item DecreaseBy="1" Id="162" RemoveOn="0.1" Weight="1" />
		
		<Item DecreaseBy="1" Id="163" RemoveOn="0.1" Weight="1" />
		
		<Item DecreaseBy="1" Id="167" RemoveOn="0.1" Weight="1" />
		
		<Item DecreaseBy="1" Id="168" RemoveOn="0.1" Weight="1" />
		
		<Item DecreaseBy="1" Id="169" RemoveOn="0.1" Weight="1" />
		
		<Item DecreaseBy="1" Id="170" RemoveOn="0.1" Weight="1" />
		
		<Item DecreaseBy="1" Id="172" RemoveOn="0.1" Weight="1" />
		
		<Item DecreaseBy="1" Id="174" RemoveOn="0.1" Weight="1" />
		
		<Item DecreaseBy="1" Id="188" RemoveOn="0.1" Weight="1" />
		
		<Item DecreaseBy="1" Id="189" RemoveOn="0.1" Weight="1" />
		
		<Item DecreaseBy="1" Id="190" RemoveOn="0.1" Weight="1" />
		
		<Item DecreaseBy="1" Id="191" RemoveOn="0.1" Weight="1" />
		
		<Item DecreaseBy="1" Id="200" RemoveOn="0.1" Weight="1" />
		
		<Item DecreaseBy="1" Id="201" RemoveOn="0.1" Weight="1" />
		
		<Item DecreaseBy="1" Id="206" RemoveOn="0.1" Weight="1" />
		
		<Item DecreaseBy="1" Id="209" RemoveOn="0.1" Weight="1" />
		
		<Item DecreaseBy="1" Id="210" RemoveOn="0.1" Weight="1" />
		
		<Item DecreaseBy="1" Id="213" RemoveOn="0.1" Weight="1" />
		
		<Item DecreaseBy="1" Id="214" RemoveOn="0.1" Weight="1" />
		
		<Item DecreaseBy="1" Id="217" RemoveOn="0.1" Weight="1" />
		
		<Item DecreaseBy="1" Id="220" RemoveOn="0.1" Weight="1" />
		
		<Item DecreaseBy="1" Id="221" RemoveOn="0.1" Weight="1" />
		
		<Item DecreaseBy="1" Id="222" RemoveOn="0.1" Weight="1" />
		
		<Item DecreaseBy="1" Id="223" RemoveOn="0.1" Weight="1" />
		
		<Item DecreaseBy="1" Id="224" RemoveOn="0.1" Weight="1" />
		
		<Item DecreaseBy="1" Id="226" RemoveOn="0.1" Weight="1" />
		
		<Item DecreaseBy="1" Id="228" RemoveOn="0.1" Weight="1" />
		
		<Item DecreaseBy="1" Id="229" RemoveOn="0.1" Weight="1" />
		
		<Item DecreaseBy="1" Id="231" RemoveOn="0.1" Weight="1" />
		
		<Item DecreaseBy="1" Id="233" RemoveOn="0.1" Weight="1" />
		
		<Item DecreaseBy="1" Id="234" RemoveOn="0.1" Weight="1" />
		
		<Item DecreaseBy="1" Id="236" RemoveOn="0.1" Weight="1" />
		
		<Item DecreaseBy="1" Id="237" RemoveOn="0.1" Weight="1" />
		
		<Item DecreaseBy="1" Id="242" RemoveOn="0.1" Weight="1" />
		
		<Item DecreaseBy="1" Id="244" RemoveOn="0.1" Weight="1" />
		
		<Item DecreaseBy="1" Id="245" RemoveOn="0.1" Weight="1" />
		
		<Item DecreaseBy="1" Id="254" RemoveOn="0.1" Weight="1" />
		
		<Item DecreaseBy="1" Id="256" RemoveOn="0.1" Weight="1" />
		
		<Item DecreaseBy="1" Id="257" RemoveOn="0.1" Weight="1" />
		
		<Item DecreaseBy="1" Id="258" RemoveOn="0.1" Weight="1" />
		
		<Item DecreaseBy="1" Id="261" RemoveOn="0.1" Weight="1" />
		
		<Item DecreaseBy="1" Id="264" RemoveOn="0.1" Weight="1" />
		
		<Item DecreaseBy="1" Id="265" RemoveOn="0.1" Weight="1" />
		
		<Item DecreaseBy="1" Id="266" RemoveOn="0.1" Weight="1" />
		
		<Item DecreaseBy="1" Id="267" RemoveOn="0.1" Weight="1" />
		
		<Item DecreaseBy="1" Id="268" RemoveOn="0.1" Weight="1" />
		
		<Item DecreaseBy="1" Id="269" RemoveOn="0.1" Weight="1" />
		
		<Item DecreaseBy="1" Id="271" RemoveOn="0.1" Weight="1" />
		
		<Item DecreaseBy="1" Id="273" RemoveOn="0.1" Weight="1" />
		
		<Item DecreaseBy="1" Id="274" RemoveOn="0.1" Weight="1" />
		
		<Item DecreaseBy="1" Id="277" RemoveOn="0.1" Weight="1" />
		
		<Item DecreaseBy="1" Id="279" RemoveOn="0.1" Weight="1" />
		
		<Item DecreaseBy="1" Id="280" RemoveOn="0.1" Weight="1" />
		
		<Item DecreaseBy="1" Id="281" RemoveOn="0.1" Weight="1" />
		
		<Item DecreaseBy="1" Id="299" RemoveOn="0.1" Weight="1" />
		
		<Item DecreaseBy="1" Id="300" RemoveOn="0.1" Weight="1" />
		
		<Item DecreaseBy="1" Id="301" RemoveOn="0.1" Weight="1" />
		
		<Item DecreaseBy="1" Id="302" RemoveOn="0.1" Weight="1" />
		
		<Item DecreaseBy="1" Id="303" RemoveOn="0.1" Weight="1" />
		
		<Item DecreaseBy="1" Id="305" RemoveOn="0.1" Weight="1" />
		
		<Item DecreaseBy="1" Id="306" RemoveOn="0.1" Weight="1" />
		
		<Item DecreaseBy="1" Id="307" RemoveOn="0.1" Weight="1" />
		
		<Item DecreaseBy="1" Id="308" RemoveOn="0.1" Weight="1" />
		
		<Item DecreaseBy="1" Id="309" RemoveOn="0.1" Weight="1" />
		
		<Item DecreaseBy="1" Id="310" RemoveOn="0.1" Weight="1" />
		
		<Item DecreaseBy="1" Id="311" RemoveOn="0.1" Weight="1" />
		
		<Item DecreaseBy="1" Id="312" RemoveOn="0.1" Weight="1" />
		
		<Item DecreaseBy="1" Id="315" RemoveOn="0.1" Weight="1" />
		
		<Item DecreaseBy="1" Id="316" RemoveOn="0.1" Weight="1" />
		
		<Item DecreaseBy="1" Id="317" RemoveOn="0.1" Weight="1" />
		
		<Item DecreaseBy="1" Id="318" RemoveOn="0.1" Weight="1" />
		
		<Item DecreaseBy="1" Id="319" RemoveOn="0.1" Weight="1" />
		
		<Item DecreaseBy="1" Id="320" RemoveOn="0.1" Weight="1" />
		
		<Item DecreaseBy="1" Id="321" RemoveOn="0.1" Weight="1" />
		
		<Item DecreaseBy="1" Id="322" RemoveOn="0.1" Weight="1" />
		
		<Item DecreaseBy="1" Id="329" RemoveOn="0.1" Weight="1" />
		
		<Item DecreaseBy="1" Id="330" RemoveOn="0.1" Weight="1" />
		
		<Item DecreaseBy="1" Id="331" RemoveOn="0.1" Weight="1" />
		
		<Item DecreaseBy="1" Id="332" RemoveOn="0.1" Weight="1" />
		
		<Item DecreaseBy="1" Id="333" RemoveOn="0.1" Weight="1" />
		
		<Item DecreaseBy="1" Id="334" RemoveOn="0.1" Weight="1" />
		
		<Item DecreaseBy="1" Id="335" RemoveOn="0.1" Weight="1" />
		
		<Item DecreaseBy="1" Id="336" RemoveOn="0.1" Weight="1" />
		
		<Item DecreaseBy="1" Id="353" RemoveOn="0.1" Weight="1" />
		
		<Item DecreaseBy="1" Id="358" RemoveOn="0.1" Weight="1" />
		
		<Item DecreaseBy="1" Id="359" RemoveOn="0.1" Weight="1" />
		
		<Item DecreaseBy="1" Id="362" RemoveOn="0.1" Weight="1" />
		
		<Item DecreaseBy="1" Id="364" RemoveOn="0.1" Weight="1" />
		
		<Item DecreaseBy="1" Id="365" RemoveOn="0.1" Weight="1" />
		
		<Item DecreaseBy="1" Id="366" RemoveOn="0.1" Weight="1" />
		
		<Item DecreaseBy="1" Id="367" RemoveOn="0.1" Weight="1" />
		
		<Item DecreaseBy="1" Id="368" RemoveOn="0.1" Weight="1" />
		
		<Item DecreaseBy="1" Id="369" RemoveOn="0.1" Weight="1" />
		
		<Item DecreaseBy="1" Id="371" RemoveOn="0.1" Weight="1" />
		
		<Item DecreaseBy="1" Id="373" RemoveOn="0.1" Weight="1" />
		
		<Item DecreaseBy="1" Id="374" RemoveOn="0.1" Weight="1" />
		
		<Item DecreaseBy="1" Id="375" RemoveOn="0.1" Weight="1" />
		
		<Item DecreaseBy="1" Id="377" RemoveOn="0.1" Weight="1" />
		
		<Item DecreaseBy="1" Id="378" RemoveOn="0.1" Weight="1" />
		
		<Item DecreaseBy="1" Id="379" RemoveOn="0.1" Weight="1" />
		
		<Item DecreaseBy="1" Id="380" RemoveOn="0.1" Weight="1" />
		
		<Item DecreaseBy="1" Id="384" RemoveOn="0.1" Weight="1" />
		
		<Item DecreaseBy="1" Id="389" RemoveOn="0.1" Weight="1" />
		
		<Item DecreaseBy="1" Id="391" RemoveOn="0.1" Weight="1" />
		
		<Item DecreaseBy="1" Id="392" RemoveOn="0.1" Weight="1" />
		
		<Item DecreaseBy="1" Id="393" RemoveOn="0.1" Weight="1" />
		
		<Item DecreaseBy="1" Id="394" RemoveOn="0.1" Weight="1" />
		
		<Item DecreaseBy="1" Id="395" RemoveOn="0.1" Weight="1" />
		
		<Item DecreaseBy="1" Id="397" RemoveOn="0.1" Weight="1" />
		
		<Item DecreaseBy="1" Id="398" RemoveOn="0.1" Weight="1" />
		
		<Item DecreaseBy="1" Id="401" RemoveOn="0.1" Weight="1" />
		
		<Item DecreaseBy="1" Id="407" RemoveOn="0.1" Weight="1" />
		
		<Item DecreaseBy="1" Id="410" RemoveOn="0.1" Weight="1" />
		
		<Item DecreaseBy="1" Id="411" RemoveOn="0.1" Weight="1" />
		
		<Item DecreaseBy="1" Id="13" RemoveOn="0.1" Weight="1" />
		
		<Item DecreaseBy="1" Id="35" RemoveOn="0.1" Weight="1" />
		
		<Item DecreaseBy="1" Id="34" RemoveOn="0.1" Weight="1" />
		
		<Item DecreaseBy="1" Id="37" RemoveOn="0.1" Weight="1" />
		
		<Item DecreaseBy="1" Id="38" RemoveOn="0.1" Weight="1" />
		
		<Item DecreaseBy="1" Id="42" RemoveOn="0.1" Weight="1" />
		
		<Item DecreaseBy="1" Id="45" RemoveOn="0.1" Weight="1" />
		
		<Item DecreaseBy="1" Id="47" RemoveOn="0.1" Weight="1" />
		
		<Item DecreaseBy="1" Id="56" RemoveOn="0.1" Weight="1" />
		
		<Item DecreaseBy="1" Id="64" RemoveOn="0.1" Weight="1" />
		
		<Item DecreaseBy="1" Id="65" RemoveOn="0.1" Weight="1" />
		
		<Item DecreaseBy="1" Id="77" RemoveOn="0.1" Weight="1" />
		
		<Item DecreaseBy="1" Id="78" RemoveOn="0.1" Weight="1" />
		
		<Item DecreaseBy="1" Id="85" RemoveOn="0.1" Weight="1" />
		
		<Item DecreaseBy="1" Id="93" RemoveOn="0.1" Weight="1" />
		
		<Item DecreaseBy="1" Id="97" RemoveOn="0.1" Weight="1" />
		
		<Item DecreaseBy="1" Id="102" RemoveOn="0.1" Weight="1" />
		
		<Item DecreaseBy="1" Id="107" RemoveOn="0.1" Weight="1" />
		
		<Item DecreaseBy="1" Id="120" RemoveOn="0.1" Weight="1" />
		
		<Item DecreaseBy="1" Id="124" RemoveOn="0.1" Weight="1" />
		
		<Item DecreaseBy="1" Id="137" RemoveOn="0.1" Weight="1" />
		
		<Item DecreaseBy="1" Id="146" RemoveOn="0.1" Weight="1" />
		
		<Item DecreaseBy="1" Id="175" RemoveOn="0.1" Weight="1" />
		
		<Item DecreaseBy="1" Id="186" RemoveOn="0.1" Weight="1" />
		
		<Item DecreaseBy="1" Id="192" RemoveOn="0.1" Weight="1" />
		
		<Item DecreaseBy="1" Id="288" RemoveOn="0.1" Weight="1" />
		
		<Item DecreaseBy="1" Id="291" RemoveOn="0.1" Weight="1" />
		
		<Item DecreaseBy="1" Id="325" RemoveOn="0.1" Weight="1" />
		
		<Item DecreaseBy="1" Id="349" RemoveOn="0.1" Weight="1" />
		
		<Item DecreaseBy="1" Id="351" RemoveOn="0.1" Weight="1" />
		
		<Item DecreaseBy="1" Id="352" RemoveOn="0.1" Weight="1" />
		
		<Item DecreaseBy="1" Id="357" RemoveOn="0.1" Weight="1" />
		
		<Item DecreaseBy="1" Id="382" RemoveOn="0.1" Weight="1" />
		
		<Item DecreaseBy="1" Id="383" RemoveOn="0.1" Weight="1" />
		
		<Item DecreaseBy="1" Id="73" RemoveOn="0.1" Weight="1" />
		
		<Item DecreaseBy="1" Id="440" RemoveOn="0.1" Weight="1" />
		
		<Item DecreaseBy="1" Id="436" RemoveOn="0.1" Weight="1" />
		
		<Item DecreaseBy="1" Id="434" RemoveOn="0.1" Weight="1" />
		
		<Item DecreaseBy="1" Id="432" RemoveOn="0.1" Weight="1" />
		
		<Item DecreaseBy="1" Id="431" RemoveOn="0.1" Weight="1" />
		
		<Item DecreaseBy="1" Id="430" RemoveOn="0.1" Weight="1" />
		
		<Item DecreaseBy="1" Id="426" RemoveOn="0.1" Weight="1" />
		
		<Item DecreaseBy="1" Id="425" RemoveOn="0.1" Weight="1" />
		
		<Item DecreaseBy="1" Id="421" RemoveOn="0.1" Weight="1" />
		
		<Item DecreaseBy="1" Id="416" RemoveOn="0.1" Weight="1" />
	</Pool>
	<Pool Name="greedBoss">
		
		<Item DecreaseBy="1" Id="11" RemoveOn="0.1" Weight="1" />
		
		<Item DecreaseBy="1" Id="14" RemoveOn="0.1" Weight="1" />
		
		<Item DecreaseBy="1" Id="15" RemoveOn="0.1" Weight="1" />
		
		<Item DecreaseBy="1" Id="16" RemoveOn="0.1" Weight="1" />
		
		<Item DecreaseBy="1" Id="22" RemoveOn="0.1" Weight="1" />
		
		<Item DecreaseBy="1" Id="23" RemoveOn="0.1" Weight="1" />
		
		<Item DecreaseBy="1" Id="24" RemoveOn="0.1" Weight="1" />
		
		<Item DecreaseBy="1" Id="25" RemoveOn="0.1" Weight="1" />
		
		<Item DecreaseBy="1" Id="26" RemoveOn="0.1" Weight="1" />
		
		<Item DecreaseBy="1" Id="27" RemoveOn="0.1" Weight="1" />
		
		<Item DecreaseBy="1" Id="28" RemoveOn="0.1" Weight="1" />
		
		<Item DecreaseBy="1" Id="29" RemoveOn="0.1" Weight="1" />
		
		<Item DecreaseBy="1" Id="30" RemoveOn="0.1" Weight="1" />
		
		<Item DecreaseBy="1" Id="31" RemoveOn="0.1" Weight="1" />
		
		<Item DecreaseBy="1" Id="32" RemoveOn="0.1" Weight="1" />
		
		<Item DecreaseBy="1" Id="71" RemoveOn="0.1" Weight="1" />
		
		<Item DecreaseBy="1" Id="70" RemoveOn="0.1" Weight="1" />
		
		<Item DecreaseBy="1" Id="73" RemoveOn="0.1" Weight="1" />
		
		<Item DecreaseBy="1" Id="101" RemoveOn="0.1" Weight="1" />
		
		<Item DecreaseBy="1" Id="120" RemoveOn="0.1" Weight="1" />
		
		<Item DecreaseBy="1" Id="120" RemoveOn="0.1" Weight="1" />
		
		<Item DecreaseBy="1" Id="132" RemoveOn="0.1" Weight="1" />
		
		<Item DecreaseBy="1" Id="143" RemoveOn="0.1" Weight="1" />
		
		<Item DecreaseBy="1" Id="176" RemoveOn="0.1" Weight="1" />
		
		<Item DecreaseBy="1" Id="183" RemoveOn="0.1" Weight="1" />
		
		<Item DecreaseBy="1" Id="193" RemoveOn="0.1" Weight="1" />
		
		<Item DecreaseBy="1" Id="194" RemoveOn="0.1" Weight="1" />
		
		<Item DecreaseBy="1" Id="195" RemoveOn="0.1" Weight="1" />
		
		<Item DecreaseBy="1" Id="196" RemoveOn="0.1" Weight="1" />
		
		<Item DecreaseBy="1" Id="197" RemoveOn="0.1" Weight="1" />
		
		<Item DecreaseBy="1" Id="198" RemoveOn="0.1" Weight="1" />
		
		<Item DecreaseBy="1" Id="199" RemoveOn="0.1" Weight="1" />
		
		<Item DecreaseBy="1" Id="240" RemoveOn="0.1" Weight="1" />
		
		<Item DecreaseBy="1" Id="253" RemoveOn="0.1" Weight="1" />
		
		<Item DecreaseBy="1" Id="254" RemoveOn="0.1" Weight="1" />
		
		<Item DecreaseBy="1" Id="255" RemoveOn="0.1" Weight="1" />
		
		<Item DecreaseBy="1" Id="314" RemoveOn="0.1" Weight="1" />
		
		<Item DecreaseBy="1" Id="339" RemoveOn="0.1" Weight="1" />
		
		<Item DecreaseBy="1" Id="340" RemoveOn="0.1" Weight="1" />
		
		<Item DecreaseBy="1" Id="341" RemoveOn="0.1" Weight="1" />
		
		<Item DecreaseBy="1" Id="342" RemoveOn="0.1" Weight="1" />
		
		<Item DecreaseBy="1" Id="343" RemoveOn="0.1" Weight="1" />
		
		<Item DecreaseBy="1" Id="344" RemoveOn="0.1" Weight="1" />
		
		<Item DecreaseBy="1" Id="345" RemoveOn="0.1" Weight="1" />
		
		<Item DecreaseBy="1" Id="346" RemoveOn="0.1" Weight="1" />
		
		<Item DecreaseBy="1" Id="355" RemoveOn="0.1" Weight="1" />
		
		<Item DecreaseBy="1" Id="354" RemoveOn="0.1" Weight="1" />
		
		<Item DecreaseBy="1" Id="370" RemoveOn="0.1" Weight="1" />
		
		<Item DecreaseBy="1" Id="438" RemoveOn="0.1" Weight="1" />
		
		<Item DecreaseBy="1" Id="428" RemoveOn="0.1" Weight="1" />
	</Pool>
	<Pool Name="greedShop">
		
		<Item DecreaseBy="0.5" Id="402" RemoveOn="0.1" Weight="1" />
		
		<Item DecreaseBy="0.5" Id="380" RemoveOn="0.1" Weight="1" />
		
		<Item DecreaseBy="0.5" Id="372" RemoveOn="0.1" Weight="1" />
		
		<Item DecreaseBy="0.5" Id="356" RemoveOn="0.1" Weight="1" />
		
		<Item DecreaseBy="0.5" Id="348" RemoveOn="0.1" Weight="1" />
		
		<Item DecreaseBy="0.5" Id="289" RemoveOn="0.1" Weight="1" />
		
		<Item DecreaseBy="0.5" Id="286" RemoveOn="0.1" Weight="1" />
		
		<Item DecreaseBy="0.5" Id="285" RemoveOn="0.1" Weight="1" />
		
		<Item DecreaseBy="0.5" Id="284" RemoveOn="0.1" Weight="1" />
		
		<Item DecreaseBy="0.5" Id="283" RemoveOn="0.1" Weight="1" />
		
		<Item DecreaseBy="0.5" Id="386" RemoveOn="0.1" Weight="1" />
		
		<Item DecreaseBy="0.5" Id="406" RemoveOn="0.1" Weight="1" />
		
		<Item DecreaseBy="0.5" Id="260" RemoveOn="0.1" Weight="1" />
		
		<Item DecreaseBy="0.5" Id="247" RemoveOn="0.1" Weight="1" />
		
		<Item DecreaseBy="0.5" Id="246" RemoveOn="0.1" Weight="1" />
		
		<Item DecreaseBy="0.5" Id="248" RemoveOn="0.1" Weight="1" />
		
		<Item DecreaseBy="0.5" Id="208" RemoveOn="0.1" Weight="1" />
		
		<Item DecreaseBy="0.5" Id="204" RemoveOn="0.1" Weight="1" />
		
		<Item DecreaseBy="0.5" Id="166" RemoveOn="0.1" Weight="1" />
		
		<Item DecreaseBy="0.5" Id="156" RemoveOn="0.1" Weight="1" />
		
		<Item DecreaseBy="0.5" Id="116" RemoveOn="0.1" Weight="1" />
		
		<Item DecreaseBy="0.5" Id="105" RemoveOn="0.1" Weight="1" />
		
		<Item DecreaseBy="0.5" Id="91" RemoveOn="0.1" Weight="1" />
		
		<Item DecreaseBy="0.5" Id="76" RemoveOn="0.1" Weight="1" />
		
		<Item DecreaseBy="0.5" Id="75" RemoveOn="0.1" Weight="1" />
		
		<Item DecreaseBy="0.5" Id="63" RemoveOn="0.1" Weight="1" />
		
		<Item DecreaseBy="0.5" Id="46" RemoveOn="0.1" Weight="1" />
		
		<Item DecreaseBy="0.5" Id="139" RemoveOn="0.1" Weight="1" />
		
		<Item DecreaseBy="0.5" Id="403" RemoveOn="0.1" Weight="1" />
		
		<Item DecreaseBy="0.5" Id="405" RemoveOn="0.1" Weight="1" />
		
		<Item DecreaseBy="0.5" Id="73" RemoveOn="0.1" Weight="1" />
		
		<Item DecreaseBy="0.5" Id="252" RemoveOn="0.1" Weight="1" />
		
		<Item DecreaseBy="0.5" Id="251" RemoveOn="0.1" Weight="1" />
		
		<Item DecreaseBy="0.5" Id="434" RemoveOn="0.1" Weight="1" />
		
		<Item DecreaseBy="0.5" Id="416" RemoveOn="0.1" Weight="1" />
		
		<Item DecreaseBy="0.5" Id="439" RemoveOn="0.1" Weight="1" />
	</Pool>
	<Pool Name="greedCurse">
		
		<Item DecreaseBy="0.5" Id="133" RemoveOn="0.1" Weight="1" />
		
		<Item DecreaseBy="0.5" Id="134" RemoveOn="0.1" Weight="1" />
		
		<Item DecreaseBy="0.5" Id="145" RemoveOn="0.1" Weight="1" />
		
		<Item DecreaseBy="0.5" Id="212" RemoveOn="0.1" Weight="1" />
		
		<Item DecreaseBy="0.5" Id="81" RemoveOn="0.1" Weight="1" />
		
		<Item DecreaseBy="0.5" Id="73" RemoveOn="0.1" Weight="1" />
	</Pool>
	<Pool Name="greedDevil">
		
		<Item DecreaseBy="1" Id="412" RemoveOn="0.1" Weight="1" />
		
		<Item DecreaseBy="1" Id="409" RemoveOn="0.1" Weight="1" />
		
		<Item DecreaseBy="1" Id="408" RemoveOn="0.1" Weight="1" />
		
		<Item DecreaseBy="1" Id="399" RemoveOn="0.1" Weight="1" />
		
		<Item DecreaseBy="1" Id="391" RemoveOn="0.1" Weight="1" />
		
		<Item DecreaseBy="1" Id="360" RemoveOn="0.1" Weight="1" />
		
		<Item DecreaseBy="1" Id="311" RemoveOn="0.1" Weight="1" />
		
		<Item DecreaseBy="1" Id="292" RemoveOn="0.1" Weight="1" />
		
		<Item DecreaseBy="1" Id="269" RemoveOn="0.1" Weight="1" />
		
		<Item DecreaseBy="1" Id="270" RemoveOn="0.1" Weight="1" />
		
		<Item DecreaseBy="1" Id="268" RemoveOn="0.1" Weight="1" />
		
		<Item DecreaseBy="1" Id="259" RemoveOn="0.1" Weight="1" />
		
		<Item DecreaseBy="1" Id="241" RemoveOn="0.1" Weight="1" />
		
		<Item DecreaseBy="1" Id="237" RemoveOn="0.1" Weight="1" />
		
		<Item DecreaseBy="1" Id="225" RemoveOn="0.1" Weight="1" />
		
		<Item DecreaseBy="1" Id="216" RemoveOn="0.1" Weight="1" />
		
		<Item DecreaseBy="1" Id="212" RemoveOn="0.1" Weight="1" />
		
		<Item DecreaseBy="1" Id="187" RemoveOn="0.1" Weight="1" />
		
		<Item DecreaseBy="1" Id="172" RemoveOn="0.1" Weight="1" />
		
		<Item DecreaseBy="1" Id="159" RemoveOn="0.1" Weight="1" />
		
		<Item DecreaseBy="1" Id="145" RemoveOn="0.1" Weight="1" />
		
		<Item DecreaseBy="1" Id="134" RemoveOn="0.1" Weight="1" />
		
		<Item DecreaseBy="1" Id="133" RemoveOn="0.1" Weight="1" />
		
		<Item DecreaseBy="1" Id="132" RemoveOn="0.1" Weight="1" />
		
		<Item DecreaseBy="1" Id="122" RemoveOn="0.1" Weight="1" />
		
		<Item DecreaseBy="1" Id="117" RemoveOn="0.1" Weight="1" />
		
		<Item DecreaseBy="1" Id="114" RemoveOn="0.1" Weight="1" />
		
		<Item DecreaseBy="1" Id="115" RemoveOn="0.1" Weight="1" />
		
		<Item DecreaseBy="1" Id="113" RemoveOn="0.1" Weight="1" />
		
		<Item DecreaseBy="1" Id="97" RemoveOn="0.1" Weight="1" />
		
		<Item DecreaseBy="1" Id="83" RemoveOn="0.1" Weight="1" />
		
		<Item DecreaseBy="1" Id="82" RemoveOn="0.1" Weight="1" />
		
		<Item DecreaseBy="1" Id="81" RemoveOn="0.1" Weight="1" />
		
		<Item DecreaseBy="1" Id="80" RemoveOn="0.1" Weight="1" />
		
		<Item DecreaseBy="1" Id="79" RemoveOn="0.1" Weight="1" />
		
		<Item DecreaseBy="1" Id="73" RemoveOn="0.1" Weight="1" />
		
		<Item DecreaseBy="1" Id="67" RemoveOn="0.1" Weight="1" />
		
		<Item DecreaseBy="1" Id="51" RemoveOn="0.1" Weight="1" />
		
		<Item DecreaseBy="1" Id="34" RemoveOn="0.1" Weight="1" />
		
		<Item DecreaseBy="1" Id="35" RemoveOn="0.1" Weight="1" />
		
		<Item DecreaseBy="1" Id="230" RemoveOn="0.1" Weight="1" />
		
		<Item DecreaseBy="1" Id="433" RemoveOn="0.1" Weight="1" />
		
		<Item DecreaseBy="1" Id="431" RemoveOn="0.1" Weight="1" />
		
		<Item DecreaseBy="1" Id="420" RemoveOn="0.1" Weight="1" />
		
		<Item DecreaseBy="0.2" Id="441" RemoveOn="0.1" Weight="0.2" />
	</Pool>
	<Pool Name="greedAngel">
		
		<Item DecreaseBy="1" Id="415" RemoveOn="0.1" Weight="1" />
		
		<Item DecreaseBy="1" Id="413" RemoveOn="0.1" Weight="1" />
		
		<Item DecreaseBy="1" Id="407" RemoveOn="0.1" Weight="1" />
		
		<Item DecreaseBy="1" Id="400" RemoveOn="0.1" Weight="1" />
		
		<Item DecreaseBy="1" Id="390" RemoveOn="0.1" Weight="1" />
		
		<Item DecreaseBy="1" Id="387" RemoveOn="0.1" Weight="1" />
		
		<Item DecreaseBy="1" Id="363" RemoveOn="0.1" Weight="1" />
		
		<Item DecreaseBy="1" Id="335" RemoveOn="0.1" Weight="1" />
		
		<Item DecreaseBy="1" Id="334" RemoveOn="0.1" Weight="1" />
		
		<Item DecreaseBy="1" Id="333" RemoveOn="0.1" Weight="1" />
		
		<Item DecreaseBy="1" Id="331" RemoveOn="0.1" Weight="1" />
		
		<Item DecreaseBy="1" Id="313" RemoveOn="0.1" Weight="1" />
		
		<Item DecreaseBy="1" Id="243" RemoveOn="0.1" Weight="1" />
		
		<Item DecreaseBy="1" Id="197" RemoveOn="0.1" Weight="1" />
		
		<Item DecreaseBy="1" Id="178" RemoveOn="0.1" Weight="1" />
		
		<Item DecreaseBy="1" Id="182" RemoveOn="0.1" Weight="1" />
		
		<Item DecreaseBy="1" Id="184" RemoveOn="0.1" Weight="1" />
		
		<Item DecreaseBy="1" Id="185" RemoveOn="0.1" Weight="1" />
		
		<Item DecreaseBy="1" Id="173" RemoveOn="0.1" Weight="1" />
		
		<Item DecreaseBy="1" Id="162" RemoveOn="0.1" Weight="1" />
		
		<Item DecreaseBy="1" Id="138" RemoveOn="0.1" Weight="1" />
		
		<Item DecreaseBy="1" Id="112" RemoveOn="0.1" Weight="1" />
		
		<Item DecreaseBy="1" Id="78" RemoveOn="0.1" Weight="1" />
		
		<Item DecreaseBy="1" Id="73" RemoveOn="0.1" Weight="1" />
		
		<Item DecreaseBy="1" Id="72" RemoveOn="0.1" Weight="1" />
		
		<Item DecreaseBy="1" Id="7" RemoveOn="0.1" Weight="1" />
		
		<Item DecreaseBy="1" Id="423" RemoveOn="0.1" Weight="1" />
	</Pool>
	<Pool Name="greedLibrary">
		
		<Item DecreaseBy="0.1" Id="34" RemoveOn="0.1" Weight="1" />
		
		<Item DecreaseBy="0.1" Id="35" RemoveOn="0.1" Weight="1" />
		
		<Item DecreaseBy="0.1" Id="58" RemoveOn="0.1" Weight="1" />
		
		<Item DecreaseBy="0.1" Id="65" RemoveOn="0.1" Weight="1" />
		
		<Item DecreaseBy="0.1" Id="78" RemoveOn="0.1" Weight="1" />
		
		<Item DecreaseBy="0.1" Id="97" RemoveOn="0.1" Weight="1" />
		
		<Item DecreaseBy="0.1" Id="123" RemoveOn="0.1" Weight="1" />
		
		<Item DecreaseBy="0.1" Id="192" RemoveOn="0.1" Weight="1" />
		
		<Item DecreaseBy="0.1" Id="262" RemoveOn="0.1" Weight="1" />
		
		<Item DecreaseBy="0.1" Id="287" RemoveOn="0.1" Weight="1" />
		
		<Item DecreaseBy="0.1" Id="292" RemoveOn="0.1" Weight="1" />
	</Pool>
	<Pool Name="greedSecret">
		
		<Item DecreaseBy="0.5" Id="73" RemoveOn="0.1" Weight="1" />
	</Pool>
	<Pool Name="greedGoldenChest">
		
		<Item DecreaseBy="0.4" Id="4" RemoveOn="0.1" Weight="1" />
		
		<Item DecreaseBy="0.4" Id="38" RemoveOn="0.1" Weight="1" />
		
		<Item DecreaseBy="0.4" Id="42" RemoveOn="0.1" Weight="1" />
		
		<Item DecreaseBy="0.4" Id="145" RemoveOn="0.1" Weight="1" />
		
		<Item DecreaseBy="0.4" Id="188" RemoveOn="0.1" Weight="1" />
		
		<Item DecreaseBy="0.4" Id="179" RemoveOn="0.1" Weight="1" />
		
		<Item DecreaseBy="0.4" Id="242" RemoveOn="0.1" Weight="1" />
		
		<Item DecreaseBy="0.4" Id="273" RemoveOn="0.1" Weight="1" />
		
		<Item DecreaseBy="0.4" Id="361" RemoveOn="0.1" Weight="1" />
		
		<Item DecreaseBy="0.4" Id="50" RemoveOn="0.1" Weight="1" />
	</Pool>
	<Pool Name="bombBum">
		
		<Item DecreaseBy="0.5" Id="19" RemoveOn="0.1" Weight="1" />
		
		<Item DecreaseBy="0.5" Id="37" RemoveOn="0.1" Weight="1" />
		
		<Item DecreaseBy="0.5" Id="125" RemoveOn="0.1" Weight="1" />
		
		<Item DecreaseBy="0.5" Id="131" RemoveOn="0.1" Weight="1" />
		
		<Item DecreaseBy="0.5" Id="140" RemoveOn="0.1" Weight="1" />
		
		<Item DecreaseBy="0.5" Id="190" RemoveOn="0.1" Weight="1" />
		
		<Item DecreaseBy="0.5" Id="209" RemoveOn="0.1" Weight="1" />
		
		<Item DecreaseBy="0.5" Id="220" RemoveOn="0.1" Weight="1" />
		
		<Item DecreaseBy="0.5" Id="250" RemoveOn="0.1" Weight="1" />
		
		<Item DecreaseBy="0.5" Id="256" RemoveOn="0.1" Weight="1" />
		
		<Item DecreaseBy="0.1" Id="353" RemoveOn="0.01" Weight="0.2" />
		
		<Item DecreaseBy="0.5" Id="366" RemoveOn="0.1" Weight="1" />
		
		<Item DecreaseBy="0.5" Id="367" RemoveOn="0.1" Weight="1" />
	</Pool>
</ItemPools>